date,open,high,low,close,volume,close_raw
2019-05-29,14.092,14.4308,13.8549,13.8897,2018050,20.5
2019-05-30,13.8888,14.0243,13.8888,13.8897,358940,20.5
2019-05-31,13.8888,13.9904,13.5839,13.5848,724470,20.05
2019-06-03,13.4145,13.55,13.2113,13.4832,1625780,19.9
2019-06-04,13.55,13.6178,13.4484,13.5509,791440,20
2019-06-05,13.6178,13.6178,13.3468,13.3477,577390,19.7
2019-06-06,13.3129,13.55,13.3129,13.3477,518450,19.7
2019-06-07,13.4145,13.9565,13.3806,13.9575,1087110,20.6
2019-06-10,14.0243,14.1259,13.821,13.8897,598030,20.5
2019-06-11,13.8888,14.092,13.7533,13.8897,570190,20.5
2019-06-12,13.9565,13.9565,13.821,13.8558,444260,20.45
2019-06-13,13.8549,13.8549,13.55,13.5848,293890,20.05
2019-06-14,13.6178,13.821,13.55,13.6187,313190,20.1
2019-06-17,13.7194,13.7194,13.3806,13.5509,628990,20
2019-06-18,13.55,13.6855,13.55,13.6864,585840,20.2
2019-06-19,13.6855,13.821,13.6855,13.6864,290130,20.2
2019-06-20,13.7871,14.1598,13.7194,14.1607,2331420,20.9
2019-06-21,14.1936,14.4308,14.092,14.1946,1516310,20.95
2019-06-24,14.2275,14.3291,14.092,14.1607,451260,20.9
2019-06-25,14.092,14.1598,13.9904,14.1607,677380,20.9
2019-06-26,13.8888,14.1598,13.8888,13.8897,958650,20.5
2019-06-27,13.55,13.8888,13.5161,13.5509,1822990,20
2019-06-28,13.7871,13.821,13.5839,13.7881,886270,20.35
2019-07-01,13.7533,13.8888,13.7533,13.7542,448520,20.3
2019-07-02,13.7871,13.8888,13.6855,13.7881,553760,20.35
2019-07-03,13.8549,13.8549,13.6178,13.6187,537840,20.1
2019-07-04,13.8549,13.8888,13.6178,13.8897,552580,20.5
2019-07-05,13.9565,13.9565,13.821,13.822,372800,20.4
2019-07-08,13.821,13.9565,13.7871,13.9575,764920,20.6
2019-07-09,14.0243,14.5663,13.9904,14.5673,3003790,21.5
2019-07-10,14.5663,14.7356,14.4646,14.5673,1624770,21.5
2019-07-11,14.5663,14.5663,14.4308,14.5334,850380,21.45
2019-07-12,14.634,14.634,14.3291,14.3979,1098720,21.25
2019-07-15,14.634,14.6001,14.4646,14.5334,1033230,21.45
2019-07-16,14.4985,14.5324,14.4646,14.4995,963950,21.4
2019-07-17,14.8536,14.8536,14.3561,14.3569,1039600,20.2
2019-07-18,14.2851,14.5338,13.8587,14.3214,780480,20.15
2019-07-19,14.2851,14.5338,14.3206,14.4991,442800,20.4
2019-07-22,14.4983,14.4983,14.3206,14.3569,299030,20.2
2019-07-23,14.4627,14.4627,14.2851,14.3214,370080,20.15
2019-07-24,14.3206,14.3917,14.2495,14.3569,374540,20.2
2019-07-25,14.3561,14.6404,14.2851,14.5701,961510,20.5
2019-07-26,14.5694,14.5694,14.4272,14.428,441240,20.3
2019-07-29,14.4272,14.4272,14.0008,14.0015,827890,19.7
2019-07-30,13.8587,14.0008,13.6099,13.6106,947690,19.15
2019-07-31,13.6099,13.752,13.4678,13.7528,440710,19.35
2019-08-01,13.5744,13.7876,13.5388,13.5751,400950,19.1
2019-08-02,13.5033,13.7165,13.4322,13.5751,510830,19.1
2019-08-05,13.5744,13.681,13.3612,13.3974,614400,18.85
2019-08-06,13.219,14.0008,13.148,13.7883,965350,19.4
2019-08-07,13.9297,14.0719,13.681,13.8594,506030,19.5
2019-08-08,13.681,13.8231,13.6099,13.7883,286650,19.4
2019-08-09,13.681,13.8587,13.6454,13.6817,311810,19.25
2019-08-12,13.7165,13.7165,13.5033,13.504,295800,19
2019-08-13,13.5744,13.5744,13.2901,13.504,248410,19
2019-08-14,13.5033,13.5744,13.2901,13.3619,370020,18.8
2019-08-15,13.2546,13.3612,13.219,13.2908,177490,18.7
2019-08-16,13.4322,13.4322,13.219,13.2197,301900,18.6
2019-08-19,13.2901,13.2901,13.1835,13.2197,279950,18.6
2019-08-20,13.2901,13.2901,13.1124,13.1487,314590,18.5
2019-08-21,13.0769,13.219,13.0058,13.1131,449000,18.45
2019-08-22,13.1124,13.148,13.0413,13.1487,338350,18.5
2019-08-23,13.219,13.219,12.9347,13.0776,153900,18.4
2019-08-26,12.9347,13.148,12.9347,13.0776,293130,18.4
2019-08-27,13.0058,13.219,12.9347,13.2197,580740,18.6
2019-08-28,13.0413,13.8231,13.0058,13.6817,965930,19.25
2019-08-29,13.7165,13.7165,13.4678,13.504,373240,19
2019-08-30,13.7165,13.5744,13.2901,13.2908,160250,18.7
2019-09-03,13.2901,13.5744,13.2546,13.2908,271770,18.7
2019-09-04,13.219,13.5744,13.1124,13.4685,391600,18.95
2019-09-05,13.5033,13.5033,13.4322,13.433,180090,18.9
2019-09-06,13.3612,13.7165,13.3256,13.7172,731770,19.3
2019-09-09,13.3612,14.0008,13.5033,14.0015,360840,19.7
2019-09-10,13.8587,13.8942,13.6454,13.8594,448770,19.5
2019-09-11,13.7876,13.9297,13.7876,13.7883,318600,19.4
2019-09-12,13.7876,13.9653,13.7876,13.8949,369930,19.55
2019-09-13,13.8942,13.9297,13.8231,13.8594,397680,19.5
2019-09-16,13.9653,13.9653,13.8587,13.8949,255290,19.55
2019-09-17,14.0008,14.3206,13.9297,14.1792,1071750,19.95
2019-09-18,14.0008,14.2495,14.0008,14.0726,496000,19.8
2019-09-19,14.0719,14.1785,14.0719,14.1082,403440,19.85
2019-09-20,14.1074,14.1074,13.7876,13.8949,501330,19.55
2019-09-23,13.8942,13.9297,13.8587,13.8594,324110,19.5
2019-09-24,13.8587,13.9297,13.6454,13.7172,599830,19.3
2019-09-25,13.7165,13.7876,13.681,13.6817,380140,19.25
2019-09-26,13.681,13.7876,13.6454,13.7172,222370,19.3
2019-09-27,13.7165,13.8587,13.7165,13.7172,216150,19.3
2019-09-30,13.7165,13.8587,13.681,13.7172,313970,19.3
2019-10-01,13.7165,13.8587,13.7165,13.7528,226620,19.35
2019-10-02,13.7165,13.7876,13.681,13.7172,210700,19.3
2019-10-03,13.7165,13.7876,13.6454,13.7528,292920,19.35
2019-10-04,13.7876,13.7876,13.5744,13.6106,374450,19.15
2019-10-07,13.7876,13.6454,13.5033,13.504,278030,19
2019-10-08,13.5033,13.6454,13.5033,13.504,289580,19
2019-10-09,13.5033,14.214,13.4322,14.2148,471810,20
2019-10-10,13.8587,14.1429,13.5744,13.5751,199690,19.1
2019-10-11,13.8587,13.8587,13.5744,13.6462,203980,19.2
2019-10-14,13.8231,13.8231,13.681,13.7883,58850,19.4
2019-10-15,13.7876,13.7876,13.6454,13.7528,24850,19.35
2019-10-16,13.7165,13.7876,13.6454,13.7172,104150,19.3
2019-10-17,13.7165,13.7165,13.5033,13.5396,130900,19.05
2019-10-18,13.5388,13.6454,13.5033,13.5396,70720,19.05
2019-10-21,13.5744,13.6454,13.5033,13.5751,111860,19.1
2019-10-22,13.5388,13.5388,13.4322,13.433,93980,18.9
2019-10-23,13.4322,13.6454,13.4322,13.6462,97320,19.2
2019-10-24,13.6454,13.6454,13.5033,13.5751,57670,19.1
2019-10-25,13.5744,13.8231,13.5744,13.7172,210540,19.3
2019-10-28,13.7165,13.7876,13.5744,13.5751,102070,19.1
2019-10-29,13.5744,13.6454,13.5033,13.5396,80000,19.05
2019-10-30,13.5388,13.681,13.4322,13.504,132540,19
2019-10-31,13.5033,13.6454,13.4678,13.4685,111240,18.95
2019-11-01,13.3612,13.5033,13.3612,13.433,130380,18.9
2019-11-04,13.5744,13.681,13.3612,13.3974,134290,18.85
2019-11-05,13.3967,13.5388,13.3612,13.3974,171080,18.85
2019-11-06,13.3967,13.5033,13.3612,13.433,204080,18.9
2019-11-07,13.3612,13.4322,13.1835,13.3263,301280,18.75
2019-11-08,13.219,13.4322,13.148,13.3619,237820,18.8
2019-11-11,13.3612,13.3967,13.2546,13.3263,121820,18.75
2019-11-12,13.148,13.3256,13.148,13.3263,317450,18.75
2019-11-13,13.3256,13.3256,13.1835,13.3263,218450,18.75
2019-11-14,13.2901,13.3256,13.1835,13.3263,81200,18.75
2019-11-15,13.1835,13.3256,13.1835,13.2908,144600,18.7
2019-11-18,13.2901,13.2901,13.148,13.2908,99190,18.7
2019-11-19,13.1835,13.2546,13.1124,13.2197,177500,18.6
2019-11-20,13.148,13.1835,13.0413,13.1842,171740,18.55
2019-11-21,13.0769,13.219,12.8637,13.2197,308360,18.6
2019-11-22,13.148,13.219,12.8637,13.1487,730740,18.5
2019-11-25,13.0769,13.148,13.0769,13.1487,117850,18.5
2019-11-26,13.148,13.1835,13.0769,13.1487,210250,18.5
2019-11-27,13.1835,13.1835,13.0413,13.1487,33020,18.5
2019-11-28,13.148,13.148,12.8992,13.1487,161890,18.5
2019-11-29,12.9347,13.1124,12.9347,13.042,180030,18.35
2019-12-02,13.1124,13.1124,12.9347,13.0776,286370,18.4
2019-12-03,13.1124,13.1124,12.9703,13.042,232280,18.35
2019-12-04,13.0769,13.0769,12.9703,13.0776,87590,18.4
2019-12-05,12.9703,13.1124,12.9703,13.0776,122470,18.4
2019-12-06,13.0769,13.0769,12.9703,13.0776,29330,18.4
2019-12-09,13.0058,13.0413,12.9703,13.042,99850,18.35
2019-12-10,12.9703,13.0058,12.8992,13.0065,269040,18.3
2019-12-11,12.9347,13.0058,12.8637,13.0065,104710,18.3
2019-12-12,13.0058,13.0058,12.9347,13.0065,68720,18.3
2019-12-13,12.9347,13.0058,12.8992,12.971,122580,18.25
2019-12-16,12.9703,13.0058,12.8992,13.0065,95390,18.3
2019-12-17,12.8992,12.9347,12.7926,12.7933,125990,18
2019-12-18,12.7926,12.8637,12.7215,12.8644,222750,18.1
2019-12-19,12.7571,12.8281,12.7215,12.8288,132530,18.05
2019-12-20,12.8281,12.8281,12.7215,12.8288,110900,18.05
2019-12-23,12.8637,12.8992,12.7926,12.7933,55900,18
2019-12-24,12.7926,12.8281,12.7215,12.7933,170380,18
2019-12-25,12.7571,12.8281,12.7571,12.7933,110370,18
2019-12-26,12.7926,12.9347,12.7571,12.8644,245380,18.1
2019-12-27,12.8637,12.9347,12.7926,12.7933,35720,18
2019-12-30,12.7571,12.9347,12.7215,12.9354,132010,18.2
2019-12-31,12.9347,13.0769,12.7571,13.0776,301810,18.4
2020-01-02,12.9347,12.9347,12.7926,12.7933,143280,18
2020-01-03,12.7926,12.8637,12.7926,12.7933,55480,18
2020-01-06,12.7926,12.8281,12.7571,12.7933,152580,18
2020-01-07,12.6505,12.7926,12.6505,12.7933,121120,18
2020-01-08,12.7926,12.8281,12.0464,12.7933,310830,18
2020-01-09,12.7926,12.9347,12.7926,12.9354,374150,18.2
2020-01-10,12.8281,12.9347,12.7926,12.8288,105900,18.05
2020-01-13,12.8281,12.8281,12.7926,12.7933,131260,18
2020-01-14,12.6505,12.8281,12.6505,12.7933,199490,18
2020-01-15,12.7926,12.7926,12.7215,12.7933,262570,18
2020-01-16,12.7926,12.8281,12.7926,12.7933,115470,18
2020-01-17,12.7926,12.8637,12.7926,12.7933,251850,18
2020-01-20,12.7926,12.9347,12.7926,12.8644,153910,18.1
2020-01-21,12.8637,13.0058,12.7926,12.7933,92950,18
2020-01-22,12.7926,12.9703,12.7926,12.971,171450,18.25
2020-01-30,12.6149,12.9347,12.6149,12.7933,203710,18
2020-01-31,12.9347,12.9347,12.7926,12.8288,306970,18.05
2020-02-03,12.2951,12.6505,12.224,12.2958,254350,17.3
2020-02-04,12.2951,12.7926,12.2596,12.2602,211230,17.25
2020-02-05,12.5794,12.5794,12.224,12.4379,151750,17.5
2020-02-06,12.4728,12.5439,12.2951,12.4735,92070,17.55
2020-02-07,12.6505,12.6505,12.4728,12.5801,110460,17.7
2020-02-10,12.6505,12.6505,12.3662,12.3668,209100,17.4
2020-02-11,12.3306,12.5083,12.3306,12.4379,106560,17.5
2020-02-12,12.4373,12.6149,12.4017,12.509,154960,17.6
2020-02-13,12.5083,12.7571,12.4728,12.5801,213760,17.7
2020-02-14,12.7571,12.7571,12.5439,12.5445,177320,17.65
2020-02-17,12.4017,12.686,12.4017,12.509,96320,17.6
2020-02-18,12.5794,12.5794,12.4017,12.509,228380,17.6
2020-02-19,12.5083,12.8637,12.5083,12.8644,345140,18.1
2020-02-20,12.8637,12.9347,12.7926,12.8999,52480,18.15
2020-02-21,12.8992,13.148,12.8992,13.1487,301110,18.5
2020-02-24,12.5794,13.148,12.5794,12.7933,459500,18
2020-02-25,12.5794,13.148,12.5794,13.1487,454500,18.5
2020-02-26,13.0058,13.148,12.9347,13.0065,62240,18.3
2020-02-27,12.9347,13.148,12.9347,13.0776,99090,18.4
2020-02-28,12.8281,13.0058,12.7926,12.9354,245970,18.2
2020-03-02,12.8637,13.2901,12.8637,13.1487,470570,18.5
2020-03-03,13.219,13.219,13.0058,13.1487,166640,18.5
2020-03-04,13.148,13.219,13.0058,13.1487,644960,18.5
2020-03-05,13.148,13.2901,13.0058,13.1487,505220,18.5
2020-03-06,13.219,13.219,13.0769,13.1487,466980,18.5
2020-03-09,12.8637,12.8637,12.3662,12.4379,632730,17.5
2020-03-10,12.4373,12.686,12.2951,12.6867,220700,17.85
2020-03-11,12.9347,12.9347,12.6149,12.6156,293330,17.75
2020-03-12,11.8687,12.686,11.8687,12.047,1125890,16.95
2020-03-13,11.3712,11.6555,11.2291,11.585,571780,16.3
2020-03-16,11.5844,11.5844,11.2291,11.3007,170270,15.9
2020-03-17,11.5844,11.5844,10.7316,11.585,254490,16.3
2020-03-18,11.6199,11.6199,11.2291,11.4429,168420,16.1
2020-03-19,11.0159,11.3712,10.8026,10.8032,408650,15.2
2020-03-20,10.9448,10.9448,10.6605,10.7677,332740,15.15
2020-03-23,10.5184,10.6605,10.0209,10.0214,132620,14.1
2020-03-24,9.4523,9.7366,9.3457,9.5239,572680,13.4
2020-03-25,9.5234,10.0919,9.5234,10.0214,182820,14.1
2020-03-26,10.0209,10.0209,9.8077,10.0214,140200,14.1
2020-03-27,9.8077,10.0209,9.8077,9.9859,320910,14.05
2020-03-30,9.9498,9.9853,9.5945,9.8082,215450,13.8
2020-03-31,9.9498,10.0209,9.6655,10.0214,793060,14.1
2020-04-01,10.2341,10.4118,10.0209,10.3768,136890,14.6
2020-04-03,10.9092,10.9092,10.3762,10.59,107090,14.9
2020-04-06,10.5894,11.0869,10.5894,10.9454,335880,15.4
2020-04-07,11.5133,11.5133,10.9448,11.1586,430610,15.7
2020-04-08,10.6605,11.5133,10.6605,11.4429,514920,16.1
2020-04-09,11.3712,11.5133,11.3001,11.3007,153920,15.9
2020-04-10,11.5844,11.5844,10.5184,11.2652,411370,15.85
2020-04-13,11.2646,11.3001,10.7671,11.1941,140150,15.75
2020-04-14,10.8737,11.3712,10.8737,11.3363,131500,15.95
2020-04-15,11.4423,11.4423,11.158,11.1586,82480,15.7
2020-04-16,11.2291,11.691,11.158,11.6916,319380,16.45
2020-04-17,11.7266,11.8332,11.7266,11.8338,140970,16.65
2020-04-20,12.0819,12.0819,11.8332,11.8338,136670,16.65
2020-04-21,11.691,11.8687,11.158,11.1586,172870,15.7
2020-04-22,11.4423,11.4423,11.2646,11.4429,88070,16.1
2020-04-23,11.7266,11.7976,11.6555,11.7983,235620,16.6
2020-04-24,11.8687,11.8687,11.6555,11.7272,23740,16.5
2020-04-27,11.7976,12.0819,11.7266,12.0825,466220,17
2020-04-28,12.224,12.2951,12.0108,12.2958,481990,17.3
2020-04-29,12.2951,12.3662,12.0819,12.2958,224620,17.3
2020-05-04,12.2951,12.2951,11.7266,11.7272,167100,16.5
2020-05-05,11.8687,12.2951,11.691,12.2958,362270,17.3
2020-05-06,12.2951,12.3306,12.1174,12.2958,456160,17.3
2020-05-07,12.2951,12.3306,12.0819,12.2958,434920,17.3
2020-05-08,12.3306,12.3662,12.224,12.2958,273560,17.3
2020-05-11,12.153,12.3662,12.153,12.1536,95630,17.1
2020-05-12,12.153,12.2596,11.8687,12.0115,171050,16.9
2020-05-13,11.9398,12.1885,11.8687,11.8693,171310,16.7
2020-05-14,12.0108,12.2951,12.0108,12.1181,179710,17.05
2020-05-15,12.1174,12.2951,12.0819,12.1181,122360,17.05
2020-05-18,12.153,12.3662,12.1174,12.3668,556780,17.4
2020-05-19,12.4373,12.4373,12.3662,12.3668,150110,17.4
2020-05-20,12.3662,12.3662,12.2951,12.2958,414090,17.3
2020-05-21,12.224,12.4017,12.0819,12.3668,235630,17.4
2020-05-22,12.153,12.5794,12.153,12.5445,342150,17.65
2020-05-25,12.5439,13.0769,12.5439,13.0065,584370,18.3
2020-05-26,13.148,13.5033,12.9347,13.4685,386760,18.95
2020-05-27,13.5033,13.5744,13.219,13.5396,512780,19.05
2020-05-28,13.5744,13.6099,13.3256,13.4685,553290,18.95
2020-05-29,13.2901,13.6099,13.2901,13.3619,621160,18.8
2020-06-01,13.3256,13.5388,13.3256,13.3619,167840,18.8
2020-06-02,13.4678,13.4678,13.3256,13.433,138230,18.9
2020-06-03,13.4322,13.5388,13.148,13.2553,186540,18.65
2020-06-04,13.219,13.5744,13.219,13.5396,509800,19.05
2020-06-05,13.5388,13.5744,13.3256,13.504,57610,19
2020-06-08,13.5033,13.6099,13.5033,13.5396,203660,19.05
2020-06-09,13.5744,13.681,13.4678,13.6106,354680,19.15
2020-06-10,13.6454,13.6454,13.5033,13.5751,395720,19.1
2020-06-11,13.5744,13.6099,13.3967,13.3974,564220,18.85
2020-06-12,13.2901,13.4322,12.5794,13.433,434060,18.9
2020-06-15,13.5744,13.5744,13.148,13.2908,196310,18.7
2020-06-16,13.3967,13.5744,13.219,13.5396,489980,19.05
2020-06-17,13.5388,13.6454,13.5033,13.5396,68440,19.05
2020-06-18,13.6454,14.2851,13.5388,14.1437,1125010,19.9
2020-06-19,14.214,14.6404,14.0008,14.5701,922180,20.5
2020-06-22,14.5694,14.5694,14.1429,14.1792,794280,19.95
2020-06-23,13.9653,14.0719,13.5744,13.7883,603340,19.4
2020-06-24,13.6454,13.8587,13.5388,13.6462,171620,19.2
2020-06-25,13.2901,13.6454,13.2546,13.3974,238810,18.85
2020-06-26,13.5033,13.5744,13.3612,13.433,184160,18.9
2020-06-29,13.5033,13.8942,13.5033,13.7528,446090,19.35
2020-06-30,13.752,13.9297,13.4322,13.5396,456320,19.05
2020-07-01,13.6454,13.9297,13.5033,13.8949,170090,19.55
2020-07-02,14.4272,14.8536,14.0719,14.8544,1084590,20.9
2020-07-03,15.1379,15.4222,14.4983,14.5701,1456560,20.5
2020-07-06,14.9247,14.9247,14.4272,14.5701,486080,20.5
2020-07-07,14.6821,14.7196,14.4192,14.6083,437010,19.45
2020-07-08,14.607,15.2453,14.3441,15.0965,714770,20.1
2020-07-09,15.0951,15.4706,15.0951,15.3969,837690,20.5
2020-07-10,15.3204,15.4706,15.0951,15.3969,428260,20.5
2020-07-13,15.4706,15.5457,15.02,15.0214,322960,20
2020-07-14,15.02,15.3955,14.7947,15.3969,399700,20.5
2020-07-15,15.3955,15.5457,15.02,15.1341,340490,20.15
2020-07-16,15.3204,15.358,14.9449,15.1341,238820,20.15
2020-07-17,15.0951,15.1702,15.02,15.0214,449190,20
2020-07-20,15.0576,15.2453,14.9449,15.059,494460,20.05
2020-07-21,15.02,15.1327,15.02,15.059,516770,20.05
2020-07-22,15.02,15.1702,15.02,15.0214,282680,20
2020-07-23,14.9825,15.1327,14.9074,15.0965,383110,20.1
2020-07-24,15.0951,15.0951,14.0437,14.5332,1148350,19.35
2020-07-27,13.8184,14.5694,13.8184,14.045,1210280,18.7
2020-07-28,14.1188,14.9449,13.9686,14.5708,553350,19.4
2020-07-29,14.7572,14.7572,14.0062,14.1201,705420,18.8
2020-07-30,14.1188,14.7196,14.0437,14.1201,177040,18.8
2020-07-31,13.9686,14.5694,13.9686,14.3455,318360,19.1
2020-08-03,14.3441,14.8698,14.3441,14.8712,318900,19.8
2020-08-04,14.8698,15.1702,14.7196,15.0965,231450,20.1
2020-08-05,15.0951,15.1702,14.8698,15.0965,186340,20.1
2020-08-06,15.0951,15.1702,14.9449,15.0965,238130,20.1
2020-08-07,15.0951,16.1465,15.0576,16.148,7816310,21.5
2020-08-10,16.2592,16.2592,15.8837,15.9603,655270,21.25
2020-08-11,15.9212,16.522,15.8837,16.2982,522950,21.7
2020-08-12,16.1465,16.522,16.1465,16.5236,1189560,22
2020-08-13,16.522,16.522,16.1841,16.2231,647350,21.6
2020-08-14,16.2216,16.2967,15.8461,15.8476,577410,21.1
2020-08-17,16.4094,16.522,15.5457,16.4109,706300,21.85
2020-08-18,16.4469,17.0477,16.1465,16.8615,596240,22.45
2020-08-19,16.5971,16.86,16.5971,16.6738,484680,22.2
2020-08-20,16.6722,16.8224,16.522,16.5236,413030,22
2020-08-21,16.522,16.5971,16.3718,16.5987,254000,22.1
2020-08-24,16.7473,16.8975,16.4845,16.7864,525010,22.35
2020-08-25,16.7849,16.7849,16.1465,16.3733,742450,21.8
2020-08-26,16.1841,16.4845,16.1841,16.3733,607000,21.8
2020-08-27,16.3718,16.5971,16.3718,16.486,1093370,21.95
2020-08-28,16.522,16.7473,16.4469,16.486,753330,21.95
2020-08-31,16.6347,16.6347,16.1465,16.148,579560,21.5
2020-09-01,16.1465,16.6722,16.1465,16.2982,273060,21.7
2020-09-03,16.3718,17.4232,16.3718,17.2746,1031740,23
2020-09-04,16.8975,17.6485,16.8224,17.3873,640480,23.15
2020-09-07,17.3106,18.362,17.1604,17.6502,475670,23.5
2020-09-08,17.273,17.6485,17.273,17.3122,235580,23.05
2020-09-09,16.9351,17.4232,16.109,16.2982,1380600,21.7
2020-09-10,16.5971,16.6722,16.2967,16.2982,474080,21.7
2020-09-11,16.2967,16.5971,16.2967,16.2982,344620,21.7
2020-09-14,16.9726,17.0477,16.6347,16.8991,468320,22.5
2020-09-15,16.8975,17.1604,16.8224,16.8991,366330,22.5
2020-09-16,16.9726,17.3481,16.8975,17.1995,766670,22.9
2020-09-17,17.1979,17.4232,16.9726,17.162,340960,22.85
2020-09-18,17.273,17.6485,17.0477,17.5751,692540,23.4
2020-09-21,17.8738,17.8738,17.4983,17.6126,425800,23.45
2020-09-22,17.611,17.7236,17.5734,17.6126,395230,23.45
2020-09-23,17.5734,17.611,17.4232,17.5751,397090,23.4
2020-09-24,17.4608,17.6485,17.4608,17.5751,529020,23.4
2020-09-25,17.5734,17.7236,17.5359,17.6502,726240,23.5
2020-09-28,17.6485,17.8363,17.611,17.6502,341540,23.5
2020-09-29,17.6485,17.7236,17.5359,17.5751,280950,23.4
2020-09-30,17.6485,17.6485,16.522,17.2746,495820,23
2020-10-01,17.3857,17.3857,17.1979,17.2746,275340,23
2020-10-02,17.3481,17.5359,17.1228,17.2746,378360,23
2020-10-05,17.273,17.5359,17.273,17.2746,107390,23
2020-10-06,17.3481,17.4232,17.273,17.2746,249230,23
2020-10-07,17.1979,17.3481,17.1979,17.2746,82270,23
2020-10-08,17.273,17.4232,16.9726,17.1244,182670,22.8
2020-10-09,17.1979,17.2355,17.0477,17.2371,150530,22.95
2020-10-12,17.4232,17.4608,17.1979,17.1995,290900,22.9
2020-10-13,17.1979,17.3481,17.1228,17.1995,181140,22.9
2020-10-14,17.273,17.3106,17.1979,17.2746,217220,23
2020-10-15,17.3106,17.5734,17.2355,17.5751,181900,23.4
2020-10-16,17.6485,17.7236,16.3718,17.2746,170550,23
2020-10-19,16.8975,17.3481,16.8975,17.3122,88400,23.05
2020-10-20,17.1979,17.3481,16.9351,17.3122,155090,23.05
2020-10-21,17.4983,17.5734,17.273,17.5751,285440,23.4
2020-10-22,17.5734,17.5734,17.2355,17.2746,46870,23
2020-10-23,17.3481,17.3481,17.1979,17.2746,55100,23
2020-10-26,17.273,17.3481,17.1604,17.162,112270,22.85
2020-10-27,17.1228,17.273,17.0102,17.162,149800,22.85
2020-10-28,16.8224,17.1604,16.8224,17.162,210550,22.85
2020-10-29,17.1228,17.1979,17.0477,17.162,121730,22.85
2020-10-30,17.1979,17.3106,17.1604,17.3122,97660,23.05
2020-11-02,16.8975,17.3106,16.8975,17.2746,12760,23
2020-11-03,17.3481,17.3857,17.2355,17.2746,88860,23
2020-11-04,17.273,17.4232,17.273,17.2746,107200,23
2020-11-05,17.273,17.3857,17.273,17.3497,81490,23.1
2020-11-06,17.4983,17.4983,17.3481,17.4248,9730,23.2
2020-11-09,17.6485,17.6485,17.3106,17.4248,30490,23.2
2020-11-10,17.5734,17.5734,17.3481,17.3497,75950,23.1
2020-11-11,17.1979,17.3481,17.1979,17.3497,91320,23.1
2020-11-12,17.3481,17.3857,17.273,17.3873,28770,23.15
2020-11-13,17.3481,17.3857,17.273,17.3497,68540,23.1
2020-11-16,17.3481,17.3481,17.273,17.2746,172340,23
2020-11-17,17.1979,17.3481,17.1979,17.3497,124070,23.1
2020-11-18,17.4232,17.4232,17.273,17.3122,212280,23.05
2020-11-19,17.273,17.4232,17.273,17.4248,189630,23.2
2020-11-20,18.024,18.6248,17.9489,18.6266,1105520,24.8
2020-11-23,18.6248,19.9015,18.5873,19.9034,327780,26.5
2020-11-24,21.2909,21.2909,19.9015,20.2789,367200,27
2020-11-25,19.526,19.9015,19.3007,19.5278,508270,26
2020-11-26,19.2632,20.6525,18.8501,19.6029,259720,26.1
2020-11-27,19.5636,20.0517,19.526,19.5278,144630,26
2020-11-30,19.526,19.9766,19.526,19.9034,327850,26.5
2020-12-01,19.2256,19.9015,19.2256,19.5654,170400,26.05
2020-12-02,19.7513,20.0517,19.526,19.7907,304610,26.35
2020-12-03,19.9391,21.1407,19.9015,21.03,720060,28
2020-12-04,21.2533,21.2533,20.5023,20.8798,207200,27.8
2020-12-07,19.9015,20.8778,19.9015,19.9034,222590,26.5
2020-12-08,19.5636,19.864,18.9252,19.1523,574010,25.5
2020-12-09,19.1505,19.7889,18.9252,19.3401,299660,25.75
2020-12-10,19.3007,19.7513,19.1505,19.1523,191440,25.5
2020-12-11,19.3383,19.3383,18.8877,19.2274,197790,25.6
2020-12-14,19.2256,19.4509,18.8501,19.2274,224780,25.6
2020-12-15,19.2256,19.3383,18.9252,19.265,223580,25.65
2020-12-16,19.4885,19.526,19.113,19.2274,389620,25.6
2020-12-17,19.2256,19.6011,19.0754,19.2274,360720,25.6
2020-12-18,19.1505,19.4509,19.1505,19.2274,192300,25.6
2020-12-21,19.2632,19.3007,19.1505,19.3025,374600,25.7
2020-12-22,19.3383,20.277,18.9628,20.0536,347200,26.7
2020-12-23,20.2395,21.4035,20.1268,20.5042,578550,27.3
2020-12-24,20.277,20.4272,19.1881,19.5654,317770,26.05
2020-12-25,19.4509,20.1268,19.4509,20.1287,119720,26.8
2020-12-28,21.028,21.028,19.526,20.0911,366700,26.75
2020-12-29,19.7513,20.2395,19.7513,20.2038,157790,26.9
2020-12-30,20.2019,20.2395,19.9391,20.0911,229270,26.75
2020-12-31,19.9766,20.277,19.9766,20.1287,283180,26.8
2021-01-04,20.1644,20.5023,20.0893,20.1287,208900,26.8
2021-01-05,20.1268,20.5774,20.0893,20.3916,199900,27.15
2021-01-06,20.8778,21.366,20.5023,20.8422,523300,27.75
2021-01-07,20.5774,21.0656,20.5774,21.03,113300,28
2021-01-08,21.028,21.1782,19.8264,20.9549,240900,27.9
2021-01-11,20.9529,20.9529,20.5774,20.8798,227700,27.8
2021-01-12,20.8778,20.8778,19.9015,20.5418,139500,27.35
2021-01-13,20.277,20.7276,20.2019,20.2038,202200,26.9
2021-01-14,20.5023,21.2533,20.277,20.2789,222300,27
2021-01-15,20.8778,20.8778,20.3897,20.4291,67800,27.2
2021-01-18,20.4272,20.8778,20.3897,20.5042,237600,27.3
2021-01-19,20.6525,20.8403,19.1505,20.2038,381000,26.9
2021-01-20,20.0142,20.8778,19.6011,20.2038,449300,26.9
2021-01-21,20.615,21.5913,20.277,21.5933,727200,28.75
2021-01-22,22.7553,23.0933,22.3047,23.0954,863000,30.75
2021-01-25,24.4075,24.7079,23.4312,24.7102,996200,32.9
2021-01-26,24.6704,25.4965,22.9806,23.2832,1357400,31
2021-01-27,23.1308,24.8957,22.9055,24.898,1883800,33.15
2021-01-28,23.281,26.5103,23.281,24.0343,983800,32
2021-01-29,23.3937,25.6842,23.3937,25.6866,830000,34.2
2021-02-01,26.2099,27.4491,25.534,26.4377,660200,35.2
2021-02-02,26.285,27.374,24.8581,27.3765,850900,36.45
2021-02-03,27.8246,29.289,27.374,28.7285,573000,38.25
2021-02-04,28.538,28.6882,26.7356,26.7381,714700,35.6
2021-02-05,25.0083,26.5103,24.9708,25.6115,901300,34.1
2021-02-08,24.783,25.7593,24.783,24.7853,592600,33
2021-02-09,25.7218,25.7593,24.4075,25.7242,430000,34.25
2021-02-17,25.7218,26.2475,24.783,26.2499,421600,34.95
2021-02-18,26.285,27.1862,25.872,26.4377,442200,35.2
2021-02-19,26.4352,27.9372,26.4352,27.4141,353500,36.5
2021-02-22,27.4115,27.787,26.6605,27.0385,719300,36
2021-02-23,26.8483,28.0123,26.8483,27.6394,496000,36.8
2021-02-24,27.2989,27.8621,27.036,27.0385,469000,36
2021-02-25,27.8997,28.4629,27.4866,28.1276,701900,37.45
2021-02-26,27.787,28.0874,27.4115,28.0149,227100,37.3
2021-03-01,28.0123,28.1625,27.6368,27.8647,103700,37.1
2021-03-02,28.1625,28.6882,27.787,27.7896,345400,37
2021-03-03,27.4491,27.7119,27.036,27.0385,388800,36
2021-03-04,28.538,28.6131,25.534,27.0385,278100,36
2021-03-05,27.036,27.036,25.534,27.001,473200,35.95
2021-03-08,26.6605,27.3364,26.1348,26.2124,194600,34.9
2021-03-09,26.1348,26.1348,25.0083,26.0622,398700,34.7
2021-03-10,25.534,25.872,25.0834,25.1609,343500,33.5
2021-03-11,25.534,25.6842,25.1585,25.3111,155200,33.7
2021-03-12,25.3087,25.5716,25.1585,25.4613,131400,33.9
2021-03-15,25.534,25.8344,25.3838,25.8368,283700,34.4
2021-03-16,25.8344,25.8344,25.3463,25.6115,103700,34.1
2021-03-17,25.534,25.8344,25.3463,25.6115,158000,34.1
2021-03-18,25.534,25.7969,25.534,25.5364,154200,34
2021-03-19,25.534,25.534,24.783,25.4613,211800,33.9
2021-03-22,25.4589,25.534,24.783,25.5364,369600,34
2021-03-23,25.4589,25.9095,24.8581,25.9119,219300,34.5
2021-03-24,25.9095,25.9095,25.2336,25.7242,147300,34.25
2021-03-25,25.6842,25.6842,25.1585,25.5364,95900,34
2021-03-26,25.0834,25.9095,24.032,25.9119,246200,34.5
2021-03-29,25.9095,25.9095,25.3463,25.8744,221000,34.45
2021-03-30,25.872,26.9609,25.4589,26.9634,344200,35.9
2021-03-31,26.9609,27.3364,26.623,26.7757,187800,35.65
2021-04-01,26.8107,26.8107,26.3977,26.8132,94700,35.7
2021-04-02,26.8107,26.8107,26.285,26.4377,111500,35.2
2021-04-05,28.2752,28.2752,26.9609,27.339,403300,36.4
2021-04-06,27.3364,27.4115,26.285,26.2875,233700,35
2021-04-07,26.285,27.036,25.5716,27.0385,186200,36
2021-04-08,26.6605,26.9609,26.285,26.7381,179900,35.6
2021-04-09,26.7356,26.7732,26.285,26.2875,154800,35
2021-04-12,26.623,26.623,26.1348,26.3626,217900,35.1
2021-04-13,26.3601,26.7732,25.6842,26.2875,186400,35
2021-04-14,26.285,26.285,25.3838,25.9495,278400,34.55
2021-04-15,26.0597,26.0597,25.1585,25.3486,185200,33.75
2021-04-16,24.7455,25.1961,24.6328,24.7853,293900,33
2021-04-19,24.3324,25.1585,23.7316,24.7853,287100,33
2021-04-20,25.0834,25.0834,24.7079,24.9355,158900,33.2
2021-04-22,24.9332,25.4214,24.1071,24.8604,99300,33.1
2021-04-23,24.8581,25.3838,24.7455,25.1609,130300,33.5
2021-04-26,25.534,25.534,24.783,25.0858,172000,33.4
2021-04-27,25.0834,25.2336,24.783,25.0482,72500,33.35
2021-04-28,25.0459,26.7732,25.0459,26.7757,1477700,35.65
2021-04-29,27.036,28.4629,26.9609,27.1888,1839900,36.2
2021-05-04,27.036,27.036,26.0597,26.2124,238900,34.9
2021-05-05,26.2099,26.2099,25.4589,25.8368,559100,34.4
2021-05-06,25.534,26.3226,25.534,25.7993,220900,34.35
2021-05-07,26.2099,26.2099,24.9332,25.3862,149300,33.8
2021-05-10,24.6328,24.9332,24.6328,24.8604,155100,33.1
2021-05-11,24.783,25.3087,24.783,24.7853,137000,33
2021-05-12,24.5577,24.783,24.5577,24.7853,471200,33
2021-05-13,24.8581,25.1585,24.783,24.7853,153000,33
2021-05-14,25.0834,25.0834,24.7455,24.7853,57400,33
2021-05-17,24.783,24.9332,24.5577,24.7853,115600,33
2021-05-18,24.4826,24.8206,24.4451,24.7102,68100,32.9
2021-05-19,24.7079,24.8581,24.4075,24.4849,168900,32.6
2021-05-20,24.5577,24.5577,23.4312,23.7338,180100,31.6
2021-05-21,23.281,23.5439,22.9055,23.3583,311200,31.1
2021-05-24,23.5137,23.8252,23.5137,23.7483,139900,30.5
2021-05-25,23.8252,23.8641,23.2023,23.2812,118400,29.9
2021-05-26,23.2801,23.2801,22.4626,22.6583,339900,29.1
2021-05-27,22.5794,22.5794,21.8008,21.8018,449600,28
2021-05-28,22.1122,23.0466,22.1122,22.7361,343900,29.2
2021-05-31,22.7351,23.2412,22.3069,23.2422,105100,29.85
2021-06-01,23.2412,23.2801,22.5794,22.5804,157200,29
2021-06-02,22.268,23.2023,22.268,23.2033,171300,29.8
2021-06-03,23.2023,24.1366,23.2023,24.1377,902300,31
2021-06-04,24.1366,24.5259,23.2023,24.0987,121800,30.95
2021-06-07,24.0977,24.0977,23.4748,23.7483,88000,30.5
2021-06-08,23.903,23.903,22.5794,23.2033,190500,29.8
2021-06-09,23.2023,23.2023,21.9565,22.5415,110200,28.95
2021-06-10,22.5794,22.7351,21.8008,21.8018,260500,28
2021-06-11,21.8008,22.229,21.8008,22.0354,110400,28.3
2021-06-14,22.1901,22.7351,22.1122,22.1911,186100,28.5
2021-06-15,22.1901,23.0466,22.0733,22.814,369700,29.3
2021-06-16,23.2023,23.2023,22.1901,22.5804,116000,29
2021-06-17,22.268,22.813,22.268,22.7361,164200,29.2
2021-06-18,22.7351,24.1366,22.4237,23.7483,1775000,30.5
2021-06-21,23.4359,23.7473,23.4359,23.5148,195000,30.2
2021-06-22,23.7473,23.7473,23.358,23.5148,241400,30.2
2021-06-23,23.2023,23.4748,22.7351,23.359,203800,30
2021-06-24,23.358,23.358,22.7351,23.3201,210700,29.95
2021-06-25,23.3191,23.358,22.9687,23.359,283200,30
2021-06-28,23.5916,24.0587,23.358,23.5148,252800,30.2
2021-06-29,23.5916,23.5916,23.1244,23.359,179600,30
2021-06-30,23.5916,23.5916,22.9687,23.359,289100,30
2021-07-01,23.358,23.358,22.8519,23.0476,120400,29.6
2021-07-02,23.0466,23.2801,22.813,23.2812,250300,29.9
2021-07-05,23.2801,23.358,23.0466,23.0865,231700,29.65
2021-07-06,23.0466,23.0466,22.5794,22.5804,161800,29
2021-07-07,22.5794,22.6573,21.7619,22.6583,279000,29.1
2021-07-08,22.6573,22.6573,21.9955,22.6583,117300,29.1
2021-07-09,21.9565,23.2023,21.9565,22.9697,361300,29.5
2021-07-12,22.9298,22.9298,21.8397,22.0354,56800,28.3
2021-07-13,21.5672,22.268,21.5672,22.1132,42300,28.4
2021-07-14,22.1901,23.1244,21.8008,22.8919,138200,29.4
2021-07-15,22.8908,22.9687,22.4237,22.9697,40300,29.5
2021-07-16,22.9687,23.358,22.9687,23.2422,136800,29.85
2021-07-19,22.8908,22.9687,22.1901,22.814,207100,29.3
2021-07-20,22.229,22.8908,22.229,22.8529,56200,29.35
2021-07-21,22.9687,23.8252,22.9687,23.359,209800,30
2021-07-22,23.5137,23.7473,23.3969,23.4369,73300,30.1
2021-07-23,23.358,23.4359,22.9687,23.2422,54400,29.85
2021-07-26,22.6962,23.2412,22.6962,23.1644,89500,29.75
2021-07-27,23.4359,23.7473,23.1244,23.4369,228300,30.1
2021-07-28,23.4359,23.8252,23.4359,23.6316,217400,30.35
2021-07-29,23.6694,24.0587,23.6694,23.8262,95300,30.6
2021-07-30,23.3969,23.8252,23.3969,23.7094,162500,30.45
2021-08-02,24.0587,24.7595,23.7473,23.8262,346700,30.6
2021-08-03,23.8641,24.5259,23.5137,23.9041,241900,30.7
2021-08-04,23.9809,24.0587,23.5916,23.6705,138500,30.4
2021-08-05,23.5916,23.5916,23.2023,23.359,284300,30
2021-08-06,23.5916,23.5916,23.1634,23.2422,187500,29.85
2021-08-09,23.2412,24.8373,23.2412,24.8384,1096200,31.9
2021-08-10,25.2266,26.3945,25.2266,26.0843,1802300,33.5
2021-08-11,26.122,26.8617,25.6938,26.2789,2211500,33.75
2021-08-12,26.0442,26.9785,25.9274,26.5904,2873900,34.15
2021-08-13,26.6281,26.706,25.6938,26.4736,2335500,34
2021-08-16,26.7449,27.4067,26.6671,27.369,2840700,35.15
2021-08-17,27.3678,27.3678,26.0052,26.1232,2134300,33.55
2021-08-18,26.122,26.8228,25.7717,25.9285,3006500,33.3
2021-08-19,25.8885,26.4335,25.3045,26.1621,2916200,33.6
2021-08-20,26.122,27.9907,26.122,27.9919,7044500,35.95
2021-08-23,28.2243,29.3532,27.2121,27.2133,5918700,34.95
2021-08-24,27.2121,27.251,25.9663,26.1621,2059700,33.6
2021-08-25,25.8106,26.5503,25.3045,26.4736,1361000,34
2021-08-26,26.4724,27.1342,25.5381,26.3568,2549400,33.85
2021-08-27,26.161,26.6281,25.6549,26.5904,1236400,34.15
2021-08-30,26.8617,28.2632,26.8617,27.8751,4513100,35.8
2021-08-31,27.8739,28.9639,27.4067,27.8751,4762600,35.8
2021-09-01,27.9517,29.0418,27.9128,28.7316,2171200,36.9
2021-09-06,28.9639,30.1318,28.8082,29.5881,2504400,38
2021-09-07,29.2754,29.5089,27.5235,27.7972,2872100,35.7
2021-09-08,27.796,28.38,27.5235,27.8751,1535900,35.8
2021-09-09,28.0296,28.6525,27.9517,28.4202,1555600,36.5
2021-09-10,28.4189,28.7303,28.0296,28.0308,1939000,36
2021-09-13,27.9517,28.4578,26.4724,26.4736,2326800,34
2021-09-14,26.4724,27.1731,26.4724,26.5904,1336500,34.15
2021-09-15,26.4724,27.0953,26.3556,26.7461,1164200,34.35
2021-09-16,26.7838,27.0953,26.3945,26.5514,1313100,34.1
2021-09-17,26.7838,27.4846,26.706,26.7072,1351100,34.3
2021-09-20,27.251,27.251,26.5113,26.6293,1389400,34.2
2021-09-21,26.0052,26.6281,26.0052,26.201,1910600,33.65
2021-09-22,26.706,27.1342,26.2388,26.785,853500,34.4
2021-09-23,27.4067,28.6525,27.251,27.2911,1806700,35.05
2021-09-24,27.3678,27.796,26.9396,26.9407,718900,34.6
2021-09-27,26.9396,26.9396,25.1488,25.1499,967100,32.3
2021-09-28,25.1488,25.5381,24.9152,25.5392,1227200,32.8
2021-09-29,25.3824,26.3167,25.0709,25.5781,828000,32.85
2021-09-30,25.8106,26.3945,25.6159,26.201,590400,33.65
2021-10-01,25.9274,26.2388,25.6938,26.0064,880100,33.4
2021-10-04,25.7327,26.3167,25.6938,25.6949,535000,33
2021-10-05,25.8106,26.9785,25.8106,26.9797,775400,34.65
2021-10-06,27.4067,27.4457,26.9785,27.2522,536600,35
2021-10-07,27.1731,27.9907,26.9785,27.7194,799700,35.6
2021-10-08,28.0296,28.1075,27.0564,27.1743,702500,34.9
2021-10-11,27.4846,27.4846,26.9396,27.0186,344000,34.7
2021-10-12,26.9396,27.251,26.6671,27.0575,544400,34.75
2021-10-13,27.0953,27.0953,26.6281,26.6682,606500,34.25
2021-10-14,26.6671,27.3678,26.6281,26.9407,767800,34.6
2021-10-15,27.0953,27.6403,26.4724,26.7072,571800,34.3
2021-10-18,27.0953,27.0953,26.5503,26.6293,578500,34.2
2021-10-19,26.6281,26.7838,26.2778,26.5514,757100,34.1
2021-10-20,26.5503,26.706,26.161,26.4736,812800,34
2021-10-21,26.706,26.9396,26.3556,26.785,477400,34.4
2021-10-22,27.0174,28.6525,26.6281,28.6537,2837200,36.8
2021-10-25,28.9639,29.6257,26.6671,28.1866,1687600,36.2
2021-10-26,28.1853,28.6525,27.6403,28.5759,729200,36.7
2021-10-27,28.9639,29.5479,28.5746,29.1209,2324200,37.4
2021-10-28,29.5868,30.9883,29.5089,30.795,2896500,39.55
2021-10-29,31.144,32.6233,30.9883,32.1576,1905800,41.3
2021-11-01,31.9226,32.7012,31.3776,31.9629,1967200,41.05
2021-11-02,31.9226,33.2462,31.4944,32.6248,1733700,41.9
2021-11-03,32.8569,32.8569,30.3654,30.3667,2919400,39
2021-11-04,30.3654,31.5333,29.5868,31.2232,1644600,40.1
2021-11-05,31.7669,33.4019,31.7669,33.4034,2964700,42.9
2021-11-08,35.037,35.7377,34.3363,35.7393,2260200,45.9
2021-11-09,36.5942,36.5942,34.7256,36.5958,1510800,47
2021-11-10,36.2438,38.5407,35.582,37.9974,1843300,48.8
2021-11-11,37.5285,38.4628,36.5942,37.3744,1882700,48
2021-11-12,37.2171,37.801,35.8156,37.1409,1361800,47.7
2021-11-15,37.6064,39.7086,37.4507,39.7104,2537300,51
2021-11-16,40.4872,41.733,38.6186,40.3333,2768800,51.8
2021-11-17,40.4872,40.6429,39.1636,40.489,1503800,52
2021-11-18,40.8765,41.733,39.7865,40.5669,1497300,52.1
2021-11-19,40.4872,42.5116,37.84,40.4111,2176800,51.9
2021-11-22,39.3972,40.3315,37.6064,37.608,2494700,48.3
2021-11-23,35.5042,37.6064,34.9981,35.1164,1572400,45.1
2021-11-24,36.2828,37.0614,35.582,36.9851,1246200,47.5
2021-11-25,36.9835,38.7354,36.9835,38.5424,1124500,49.5
2021-11-26,38.6186,38.6186,36.4385,36.5958,871800,47
2021-11-29,35.7377,39.0857,35.7377,39.0874,2480800,50.2
2021-11-30,40.5651,41.8108,40.5651,41.8127,2571300,53.7
2021-12-01,42.823,44.1466,40.5651,40.5669,2738100,52.1
2021-12-02,41.2658,41.2658,39.7086,39.7104,1649200,51
2021-12-03,40.1758,42.3558,39.0079,39.7104,3577100,51
2021-12-06,39.7865,41.8887,38.5407,39.6325,3553200,50.9
2021-12-07,40.4872,41.2658,39.6307,40.4111,1300900,51.9
2021-12-08,40.6429,41.5772,39.3972,39.7104,1837600,51
2021-12-09,39.7086,40.3315,39.3193,39.6325,1036600,50.9
2021-12-10,40.0979,42.3558,39.6307,42.3577,5070500,54.4
2021-12-13,43.0566,45.3145,42.6673,45.3165,3468900,58.2
2021-12-14,45.7817,47.261,44.3802,45.0051,2860200,57.8
2021-12-15,43.6795,44.9252,43.6016,43.6035,1398400,56
2021-12-16,43.9909,46.6381,43.6016,46.6402,3903600,59.9
2021-12-17,47.4946,48.5846,45.5481,47.886,2719000,61.5
2021-12-20,46.0153,47.7282,45.5481,45.7058,1377600,58.7
2021-12-21,45.1588,46.7939,43.9909,45.0051,1822100,57.8
2021-12-22,45.1588,46.171,42.1223,42.1241,3168600,54.1
2021-12-23,41.733,43.2902,41.733,41.9684,2076600,53.9
2021-12-24,42.7451,42.7451,40.4872,41.6569,1513300,53.5
2021-12-27,41.733,41.9665,39.3193,41.5012,1080900,53.3
2021-12-28,41.1879,42.7451,41.1879,41.2676,1105300,53
2021-12-29,41.2658,41.2658,39.3972,39.3989,1754100,50.6
2021-12-30,39.3972,41.2658,39.3193,41.2676,1144800,53
2021-12-31,41.9665,42.7451,40.8765,41.4233,743800,53.2
2022-01-04,41.4215,44.3023,41.3437,44.3043,2287900,56.9
2022-01-05,44.6138,45.0809,43.6016,43.6035,1581700,56
2022-01-06,42.9787,44.9252,42.823,44.2264,1110900,56.8
2022-01-07,44.3023,46.3267,43.6016,45.9394,1757700,59
2022-01-10,46.3267,46.3267,43.4459,43.4478,1429200,55.8
2022-01-11,42.823,44.8474,42.823,42.8249,1143100,55
2022-01-12,41.2658,42.823,39.8643,42.0463,2325000,54
2022-01-13,42.2001,43.0566,39.7086,40.0997,1175400,51.5
2022-01-14,39.475,41.733,39.3972,40.8783,714000,52.5
2022-01-17,41.2658,41.2658,38.0346,38.0363,1433500,48.85
2022-01-18,36.9835,38.0346,35.9713,36.9851,920700,47.5
2022-01-19,38.385,38.385,36.4385,37.1409,604900,47.7
2022-01-20,38.4628,40.02,37.4507,39.1653,590000,50.3
2022-01-21,39.7086,40.4093,38.6186,38.776,1020200,49.8
2022-01-24,38.2293,38.8911,36.0881,36.2065,713400,46.5
2022-01-25,35.8156,38.6964,35.582,38.5424,584400,49.5
2022-01-26,38.5407,40.4093,38.5407,38.6981,659400,49.7
2022-01-27,38.7743,39.7865,37.2171,37.2187,428100,47.8
2022-01-28,37.4507,38.6186,36.9835,37.6859,374100,48.4
2022-02-07,39.1636,39.1636,37.84,38.8539,279900,49.9
2022-02-08,38.8521,40.4872,38.8521,40.3333,1070100,51.8
2022-02-09,40.3315,41.4994,40.2536,41.2676,888500,53
2022-02-10,41.2658,42.7451,40.7208,42.6692,1938900,54.8
2022-02-11,42.0444,42.9787,42.0444,42.4356,1019700,54.5
2022-02-14,41.733,42.4337,41.4215,41.8127,1005900,53.7
2022-02-15,41.6551,41.733,40.8765,41.7348,734600,53.6
2022-02-16,42.278,42.6673,41.6551,42.5134,1412200,54.6
2022-02-17,42.5116,43.4459,41.2658,42.4356,1235300,54.5
2022-02-18,41.8887,44.3023,41.6551,43.9928,2568200,56.5
2022-02-21,43.9909,44.3802,43.2902,43.7593,936000,56.2
2022-02-22,43.0566,43.4459,41.8887,42.8249,1497000,55
2022-02-23,42.5116,43.4459,41.8887,42.8249,1550100,55
2022-02-24,42.823,42.823,39.8643,41.2676,1878300,53
2022-02-25,41.4215,42.5116,41.2658,41.7348,774400,53.6
2022-02-28,41.9665,41.9665,40.8765,40.8783,860300,52.5
2022-03-01,40.6429,41.9665,40.1758,41.9684,1612700,53.9
2022-03-02,41.9665,41.9665,40.6429,40.6447,643000,52.2
2022-03-03,40.5651,41.4994,40.3315,41.5012,811500,53.3
2022-03-04,41.5772,42.278,40.8765,41.6569,910000,53.5
2022-03-07,41.2658,42.6673,41.1879,42.5913,1225700,54.7
2022-03-08,42.3558,43.7573,41.8887,41.8905,1767500,53.8
2022-03-09,41.8108,42.0444,41.1101,41.1898,689800,52.9
2022-03-10,42.0444,42.1223,41.3437,41.5012,566500,53.3
2022-03-11,41.3437,41.4215,39.7086,39.7104,1459800,51
2022-03-14,39.0079,40.0979,38.4628,38.5035,844000,49.45
2022-03-15,38.1514,39.5529,37.7621,39.3989,545200,50.6
2022-03-16,39.7086,40.02,38.4239,38.5813,655900,49.55
2022-03-17,38.93,39.7865,38.6186,39.3989,669200,50.6
2022-03-18,39.8643,40.2536,39.0857,39.6325,311100,50.9
2022-03-21,39.3193,40.2536,39.3193,39.9439,361600,51.3
2022-03-22,40.0979,41.1879,40.02,40.489,799100,52
2022-03-23,40.4872,42.2001,40.3315,42.202,1530300,54.2
2022-03-24,42.2001,45.0809,42.1223,45.0829,3583000,57.9
2022-03-25,44.8474,46.716,44.8474,45.9394,1725700,59
2022-03-28,45.0031,47.4946,43.6795,47.341,1804200,60.8
2022-03-29,47.3389,47.7282,46.5603,46.7181,998400,60
2022-03-30,46.171,47.4946,44.7695,47.1852,1648000,60.6
2022-03-31,46.716,50.4533,46.2488,50.4555,2687500,64.8
2022-04-01,50.7647,51.2319,49.2075,49.7547,1364900,63.9
2022-04-04,49.8304,53.1005,49.8304,51.7013,1808000,66.4
2022-04-05,51.3097,51.8548,50.2976,50.5334,1676300,64.9
2022-04-06,47.0274,49.6747,47.0274,47.0295,3357200,60.4
2022-04-07,46.6381,47.7282,43.9909,45.0829,2636800,57.9
2022-04-08,43.6016,45.2367,41.9665,41.9684,2000100,53.9
2022-04-12,42.823,43.2123,39.7086,40.5669,1034600,52.1
2022-04-13,40.7208,43.368,40.7208,43.3699,983900,55.7
2022-04-14,43.6016,44.3802,42.5116,42.6692,1099100,54.8
2022-04-15,40.8765,42.0444,39.7865,39.8661,1894300,51.2
2022-04-18,39.1636,41.0322,38.5407,40.1775,1487600,51.6
2022-04-19,40.6429,41.4215,37.3728,37.3744,1141100,48
2022-04-20,36.5942,38.0735,35.037,35.0385,1602900,45
2022-04-21,34.2584,36.9835,33.3241,36.1286,1308500,46.4
2022-04-22,36.9835,37.2171,34.4141,36.9073,874600,47.4
2022-04-25,36.8667,37.0224,34.3363,34.3378,916300,44.1
2022-04-26,32.3898,34.3363,32.0005,34.3378,1081600,44.1
2022-04-27,34.3363,35.8156,32.0005,35.5057,550300,45.6
2022-04-28,35.1149,36.9056,35.1149,35.895,920500,46.1
2022-04-29,35.9324,36.9056,35.0759,36.7515,878500,47.2
2022-05-04,36.7499,36.7499,35.6599,36.3622,941900,46.7
2022-05-05,36.6331,37.9568,36.6331,37.8027,1806200,48.55
2022-05-06,36.8278,36.8667,35.1927,35.1943,1575300,45.2
2022-05-09,33.5966,34.6866,32.7401,32.7416,1142500,42.05
2022-05-10,30.5211,32.1562,30.4822,32.1576,1474400,41.3
2022-05-11,31.728,32.7012,30.3654,31.1454,449800,40
2022-05-12,31.9226,32.1562,28.9639,28.9652,1015500,37.2
2022-05-13,28.4189,29.8204,26.9396,26.9407,1246400,34.6
2022-05-16,27.6403,28.6525,25.0709,25.072,1124800,32.2
2022-05-17,23.8447,26.7845,23.8447,26.7875,822200,32.8
2022-05-18,27.3561,28.6218,27.3561,28.6251,1042800,35.05
2022-05-19,27.4378,30.6225,27.4378,30.626,1103000,37.5
2022-05-20,31.3166,32.419,30.6225,31.9327,1182400,39.1
2022-05-23,32.5823,32.5823,29.7242,30.0543,1396300,36.8
2022-05-24,30.0509,31.0308,28.581,31.0343,771000,38
2022-05-25,31.0308,33.0723,30.3367,32.7494,1554800,40.1
2022-05-26,32.8273,34.2564,32.6232,32.831,1066800,40.2
2022-05-27,32.664,33.6031,32.664,32.9127,918000,40.3
2022-05-30,32.7865,34.0522,32.3782,33.4844,1150500,41
2022-05-31,33.4806,34.2155,32.664,32.7494,1372600,40.1
2022-06-01,32.909,33.8889,32.5007,33.4027,802700,40.9
2022-06-02,33.4806,35.5629,33.4806,34.4644,1482800,42.2
2022-06-03,34.0522,34.4605,33.2356,33.8519,784700,41.45
2022-06-06,33.8481,34.7872,33.3173,33.8519,1147000,41.45
2022-06-07,33.3173,33.9706,32.3374,33.9744,1320800,41.6
2022-06-08,34.583,36.3387,34.5422,36.3428,1837500,44.5
2022-06-09,37.1553,38.8702,36.6653,38.8745,2513600,47.6
2022-06-10,37.9719,39.7276,37.9719,38.4254,1717700,47.05
2022-06-13,36.8287,39.9317,36.747,38.1395,2095200,46.7
2022-06-14,37.7269,40.7892,37.6453,40.7938,2367100,49.95
2022-06-15,41.8916,43.0348,41.2383,43.0397,2459200,52.7
2022-06-16,43.3615,44.668,41.4833,42.1413,2137500,51.6
2022-06-17,41.1566,44.668,40.0134,42.1413,3030700,51.6
2022-06-20,42.5449,43.9331,40.2584,40.5079,2294900,49.6
2022-06-21,40.83,42.3815,40.0134,40.1813,1952700,49.2
2022-06-22,40.4217,42.3815,39.6051,40.1813,1391200,49.2
2022-06-23,39.6051,42.9532,39.6051,42.958,1208700,52.6
2022-06-24,43.9331,45.6479,43.2798,43.2847,1366500,53
2022-06-27,43.6881,45.3213,43.0348,43.693,998300,53.5
2022-06-28,43.8514,44.913,42.4632,43.693,1203900,53.5
2022-06-29,43.2798,43.6881,42.5449,43.3664,767300,53.1
2022-06-30,43.2798,44.5047,42.9532,42.958,611200,52.6
2022-07-01,42.3815,43.1981,40.5034,43.203,1204400,52.9
2022-07-04,44.3414,44.8313,43.3615,43.3664,856100,53.1
2022-07-05,43.6881,44.0147,40.4217,40.4263,1321000,49.5
2022-07-06,39.1968,40.4217,37.6044,37.6087,1470900,46.05
2022-07-07,37.5636,37.7678,35.1138,37.7312,931400,46.2
2022-07-08,37.5636,39.1151,37.4819,38.1395,556300,46.7
2022-07-11,38.0536,39.2376,36.747,38.9154,942700,47.65
2022-07-12,39.5234,41.2383,38.7885,41.243,723600,50.5
2022-07-13,41.075,42.2182,40.4217,41.3246,644700,50.6
2022-07-14,40.7483,41.5649,40.6667,41.4063,819000,50.7
2022-07-15,41.4016,42.4632,41.2383,41.243,659600,50.5
2022-07-18,41.6466,42.8715,41.32,41.3246,673300,50.6
2022-07-19,41.32,44.1781,41.32,44.183,2057300,54.1
2022-07-20,45.6479,47.1995,44.913,45.8981,1322100,56.2
2022-07-21,45.8113,48.1794,44.913,47.7765,1730500,58.5
2022-07-22,47.0362,49.4043,46.3829,47.5315,1467800,58.2
2022-07-25,47.4445,48.506,46.3829,46.5515,716400,57
2022-07-26,46.9545,47.9344,45.8929,45.8981,918400,56.2
2022-07-27,45.6479,49.0777,44.913,49.0832,2086100,60.1
2022-07-28,50.2209,51.0375,49.1593,49.5732,910400,60.7
2022-07-29,49.9759,51.0375,49.241,49.9816,629300,61.2
2022-08-01,50.2209,51.3641,48.996,49.6549,1534200,60.8
2022-08-02,49.8126,51.0375,49.241,49.4099,1147200,60.5
2022-08-03,49.241,52.2624,49.241,49.8999,1046400,61.1
2022-08-04,50.1392,50.1392,47.4445,47.4498,1915100,58.1
2022-08-05,47.4445,48.506,47.3628,47.9398,1025400,58.7
2022-08-08,47.8528,49.8126,47.3628,47.6132,797900,58.3
2022-08-09,47.6078,49.4043,47.5261,48.1032,1047300,58.9
2022-08-10,48.2611,49.241,48.1794,48.1848,793800,59
2022-08-11,48.6694,50.7925,48.3427,50.6349,2258800,62
2022-08-12,50.6292,54.1406,50.5475,54.1467,2678900,66.3
2022-08-15,54.7122,55.1205,53.4873,53.82,1027700,65.9
2022-08-16,53.8139,54.9572,53.079,54.6367,705400,66.9
2022-08-17,54.5489,56.8354,52.6707,53.33,1680600,65.3
2022-08-18,53.324,54.3039,51.8541,52.5133,1647600,64.3
2022-08-19,52.6707,56.1821,52.2624,56.1884,680100,68.8
2022-08-22,54.7122,56.1821,53.8139,54.555,1109000,66.8
2022-08-23,53.8956,55.4471,53.8956,55.2084,1067600,67.6
2022-08-24,55.5288,59.0402,54.7122,57.1685,1530400,70
2022-08-25,57.162,57.8969,55.5288,56.1884,1089600,68.8
2022-08-26,56.1821,57.9786,55.6921,57.0051,809800,69.8
2022-08-29,56.3454,56.3454,53.8956,55.3717,1956200,67.8
2022-08-30,56.1004,56.9987,55.1205,55.1267,702500,67.5
2022-08-31,54.7122,56.3454,54.5489,55.7801,857800,68.3
2022-09-05,56.2637,56.3454,55.1205,55.1267,831100,67.5
2022-09-06,55.1205,55.5288,53.9773,53.9834,1228700,66.1
2022-09-07,53.2423,53.4873,50.2209,50.2266,3633100,61.5
2022-09-08,50.3026,51.0375,47.9344,47.9398,1694000,58.7
2022-09-09,48.996,51.2825,48.1794,51.2883,1360600,62.8
2022-09-12,51.9358,52.1807,50.7109,50.8799,1138500,62.3
2022-09-13,50.9558,51.3641,49.486,49.8182,970800,61
2022-09-14,48.1794,51.2825,47.9344,51.2883,1418500,62.8
2022-09-15,51.4458,53.7323,51.2825,52.105,1542100,63.8
2022-09-16,52.0991,52.1807,49.7309,50.2266,1232100,61.5
2022-09-19,50.3026,50.7109,46.7095,46.7148,2450000,57.2
2022-09-20,47.3628,49.1593,45.8113,48.9199,1021700,59.9
2022-09-21,48.8327,49.3226,47.8528,48.4298,436200,59.3
2022-09-22,47.8528,49.7309,47.5261,49.5732,727700,60.7
2022-09-23,49.7309,49.8126,47.5261,48.1032,943000,58.9
2022-09-26,46.3829,47.1995,44.7497,46.5515,2216300,57
2022-09-27,47.2953,47.3784,44.0536,44.0557,628800,53
2022-09-28,44.0536,44.6354,42.6406,42.6426,976700,51.3
2022-09-29,43.1393,44.4692,41.1444,41.1463,924800,49.5
2022-09-30,40.3963,42.8068,39.856,42.7257,1096700,51.4
2022-10-03,42.973,42.973,39.7729,39.7748,704000,47.85
2022-10-04,40.3963,41.3106,39.0664,39.9826,806600,48.1
2022-10-05,41.1444,42.7237,40.7704,42.7257,813000,51.4
2022-10-06,43.1393,44.3861,41.56,41.5619,1230400,50
2022-10-07,40.7288,42.8068,39.8976,41.5619,1975000,50
2022-10-10,41.4769,44.4692,41.4769,44.4713,1377500,53.5
2022-10-11,44.4692,45.3835,41.56,41.5619,1753300,50
2022-10-12,41.8094,44.4692,41.6431,44.4713,1239400,53.5
2022-10-13,44.0536,44.8848,42.8899,43.5569,969400,52.4
2022-10-14,44.4692,45.5498,43.5549,43.5569,1508300,52.4
2022-10-17,43.0562,44.3861,42.3081,44.3882,983400,53.4
2022-10-18,45.3835,46.1316,44.5523,44.5544,1668600,53.6
2022-10-19,44.6354,44.8017,43.3886,43.3907,941900,52.2
2022-10-20,43.2224,43.4718,41.56,41.5619,1463500,50
2022-10-21,40.8119,41.0613,38.6508,38.6526,1708400,46.5
2022-10-24,38.3183,38.3183,35.9494,35.9511,928800,43.25
2022-10-25,33.6636,37.404,33.4558,33.4574,1650600,40.25
2022-10-26,34.0792,34.3286,31.1284,31.1299,1146800,37.45
2022-10-27,29.9232,33.2896,29.9232,33.2911,1393400,40.05
2022-10-28,33.5389,35.2013,33.4974,33.4989,968900,40.3
2022-10-31,33.3311,34.0792,31.6687,33.7483,759200,40.6
2022-11-01,34.7442,34.7442,33.622,33.9145,730400,40.8
2022-11-02,33.913,34.4948,32.4999,32.5014,616800,39.1
2022-11-03,31.6687,33.0818,31.6687,32.4183,554500,39
2022-11-04,31.9181,32.3752,30.1726,30.174,1439200,36.3
2022-11-07,28.4686,29.9232,28.0946,28.0959,806700,33.8
2022-11-08,26.1412,28.9258,26.1412,28.9271,1179600,34.8
2022-11-09,29.3414,29.7985,28.718,29.3427,540000,35.3
2022-11-10,29.092,29.092,27.3049,27.3062,905900,32.85
2022-11-11,28.1777,28.1777,25.4347,25.4359,1187100,30.6
2022-11-14,23.8554,24.271,23.6892,23.6903,649500,28.5
2022-11-15,22.0684,22.193,22.0684,22.0694,361000,26.55
2022-11-16,20.5306,23.6061,20.5306,23.6072,1681100,28.4
2022-11-17,24.1048,25.0191,24.1048,24.5631,661400,29.55
2022-11-18,25.1854,25.3516,22.858,25.0203,1368500,30.1
2022-11-21,25.7672,26.0997,25.1022,25.1865,652300,30.3
2022-11-22,25.1854,26.7646,25.1022,25.1034,943200,30.2
2022-11-23,24.936,25.3516,24.6035,24.9372,495600,30
2022-11-24,24.1048,25.1022,23.6892,24.854,431700,29.9
2022-11-25,25.1854,26.5568,24.936,26.5581,750800,31.95
2022-11-28,27.7621,28.3855,26.8062,28.3868,835400,34.15
2022-11-29,29.0504,30.3388,28.0114,30.3402,1315300,36.5
2022-11-30,31.5025,31.5025,29.5492,30.4649,1322000,36.65
2022-12-01,31.7518,32.583,29.9232,30.3402,1046900,36.5
2022-12-02,29.8401,32.4584,29.8401,32.4599,1616500,39.05
2022-12-05,33.5805,33.6636,32.0012,33.0002,667100,39.7
2022-12-06,32.0012,33.0818,30.7544,31.8364,2070200,38.3
2022-12-07,30.9206,32.583,30.5466,32.4183,660100,39
2022-12-08,33.248,34.0792,32.0012,33.2496,946000,40
2022-12-09,32.7493,34.4948,32.3337,34.4964,750800,41.5
2022-12-12,34.661,36.9053,34.4948,36.1173,1443500,43.45
2022-12-13,34.8273,36.4897,34.7026,36.4914,884600,43.9
2022-12-14,36.5728,37.0715,35.7416,36.4914,546300,43.9
2022-12-15,35.9078,36.4897,35.1182,35.7848,521500,43.05
2022-12-16,34.9935,35.9078,34.0792,35.2445,1082300,42.4
2022-12-19,34.661,35.3676,32.9155,32.9171,1115800,39.6
2022-12-20,32.4168,32.9571,30.6297,32.0027,1528100,38.5
2022-12-21,32.3337,32.3337,29.7985,30.0077,951800,36.1
2022-12-22,30.2557,30.6713,28.427,29.509,845200,35.5
2022-12-23,29.5076,30.7544,28.6764,30.3402,705800,36.5
2022-12-26,30.3388,30.3388,28.2192,28.2206,920200,33.95
2022-12-27,28.1777,29.092,26.8893,29.0934,926100,35
2022-12-28,29.0089,30.3388,27.5127,29.9246,938200,36
2022-12-29,29.0089,29.757,28.2608,28.3037,652700,34.05
2022-12-30,27.8452,28.427,27.4712,28.0959,754400,33.8
2023-01-03,28.1777,30.0479,28.1777,30.0493,1403900,36.15
2023-01-04,30.1726,31.2531,29.2998,29.9246,1032000,36
2023-01-05,30.0894,31.2531,30.0894,31.2546,1304500,
2023-01-06,31.3778,32.1674,30.1726,30.7558,1195300,
2023-01-09,31.17,31.17,29.9232,29.9246,588100,
2023-01-10,30.1726,30.3388,29.0089,29.9246,635500,
2023-01-11,30.1726,31.0869,30.1726,30.3402,611900,
2023-01-12,30.6713,31.2116,30.5882,31.1715,809000,
2023-01-13,31.7518,31.7518,30.5466,30.839,528800,37.1
2023-01-16,30.8375,30.8375,30.0479,30.2155,692000,36.35
2023-01-17,30.5882,31.1284,30.3388,31.1299,679600,37.45
2023-01-18,31.2116,32.0012,31.17,31.5871,898100,38
2023-01-19,31.5025,32.583,31.17,32.5846,949000,39.2
2023-01-27,32.6246,33.4142,32.5415,32.7508,646800,39.4
2023-01-30,32.874,33.0818,31.7103,31.7118,1230200,38.15
2023-01-31,31.6687,32.6246,31.5856,32.6261,669100,39.25
2023-02-01,33.248,33.248,30.7544,30.839,1067900,37.1
2023-02-02,31.1284,31.4609,30.3388,31.0883,900100,37.4
2023-02-03,31.5025,31.5025,30.3388,30.7143,607800,36.95
2023-02-06,30.7544,31.0453,30.1726,31.0468,515300,37.35
2023-02-07,30.8375,31.5025,29.5076,29.509,559400,35.5
2023-02-08,29.757,30.3388,29.1751,29.9246,522300,36
2023-02-09,29.9232,30.3388,29.5907,29.5921,246000,35.6
2023-02-10,29.5076,29.6738,28.6348,29.0934,559700,35
2023-02-13,28.7595,28.7595,27.0556,27.0568,1004900,32.55
2023-02-14,27.4296,27.679,27.014,27.3478,366200,32.9
2023-02-15,27.3465,28.9258,27.2218,28.9271,433500,34.8
2023-02-16,28.9673,30.4219,28.9673,30.174,726400,36.3
2023-02-17,30.2557,30.4219,29.3829,29.509,469200,35.5
2023-02-20,30.2557,31.2531,30.0063,31.0883,865500,37.4
2023-02-21,31.5025,31.6687,30.505,30.7974,665100,37.05
2023-02-22,30.5882,30.5882,29.3829,29.3843,751300,35.35
2023-02-23,29.4245,29.6738,27.5958,29.5921,976500,35.6
2023-02-24,29.757,29.757,28.427,28.4284,348400,34.2
2023-02-27,28.2608,28.2608,27.2218,27.4309,398000,33
2023-02-28,28.0946,28.0946,27.0971,28.0128,439500,33.7
2023-03-01,27.4296,29.092,27.4296,29.0934,432300,35
2023-03-02,29.1336,29.1336,28.3439,28.3868,203600,34.15
2023-03-03,28.427,28.6764,27.7621,27.7634,378400,33.4
2023-03-06,28.6764,28.6764,27.7205,27.7634,281800,33.4
2023-03-07,28.5102,28.5102,27.3465,27.9296,344000,33.6
2023-03-08,27.3049,28.5102,27.3049,28.5115,451100,34.3
2023-03-09,28.6348,29.2582,28.6348,29.0102,757500,34.9
2023-03-10,28.5102,28.6764,28.1361,28.6777,481100,34.5
2023-03-13,28.6348,28.6348,27.8452,27.8465,444000,33.5
2023-03-14,27.9699,28.0114,27.014,27.1815,555300,32.7
2023-03-15,27.8868,28.2608,27.4712,28.2621,536400,34
2023-03-16,27.8452,28.0114,27.3049,27.4724,443900,33.05
2023-03-17,28.0946,28.0946,27.2634,27.2646,331800,32.8
2023-03-20,27.1802,27.5543,25.6841,25.6853,993500,30.9
2023-03-21,26.1828,26.1828,25.2685,25.6437,584800,30.85
2023-03-22,25.975,26.4737,25.7672,25.7684,360700,31
2023-03-23,25.4347,26.2659,25.4347,26.2256,449700,31.55
2023-03-24,26.4737,27.014,26.349,26.8075,520800,32.25
2023-03-27,26.7646,27.0971,26.6815,26.849,365100,32.3
2023-03-28,27.2634,27.3465,26.7646,26.8075,473200,32.25
2023-03-29,26.8062,27.2634,26.4737,26.5996,395300,32
2023-03-30,26.8893,27.014,26.5984,26.6828,494900,32.1
2023-03-31,26.5568,27.9699,26.5568,27.6803,1075100,33.3
2023-04-03,28.5933,28.7595,28.2192,28.4699,887100,34.25
2023-04-04,28.5933,28.5933,27.9699,28.3452,774700,34.1
2023-04-05,28.5517,30.0063,28.2608,30.0077,1607400,36.1
2023-04-06,30.5882,30.6297,29.092,29.0934,1153300,35
2023-04-07,29.2998,29.6738,28.718,29.5505,1135000,35.55
2023-04-10,30.1726,30.7128,29.5492,30.2571,1740800,36.4
2023-04-11,30.3804,30.3804,29.5492,30.3402,702900,36.5
2023-04-12,30.5466,31.17,29.9232,30.3402,1158900,36.5
2023-04-13,30.4219,30.5882,30.0063,30.0077,692400,36.1
2023-04-14,30.1726,30.3388,28.7595,28.7609,1126700,34.6
2023-04-17,28.9258,29.0504,28.3439,28.7609,382600,34.6
2023-04-18,28.8426,29.3414,28.718,29.0934,552800,35
2023-04-19,29.757,29.757,28.9258,28.9271,723700,34.8
2023-04-20,29.092,29.5076,28.9258,28.9687,475900,34.85
2023-04-21,29.0089,29.4245,27.679,28.3452,1047400,34.1
2023-04-24,28.3855,28.427,27.3465,27.3478,644700,32.9
2023-04-25,27.3465,28.0946,27.014,27.0153,840100,32.5
2023-04-26,27.0971,27.388,26.64,27.0153,902100,32.5
2023-04-27,27.4296,28.2608,27.1802,27.4724,607500,33.05
2023-04-28,27.9699,28.0946,27.5543,27.7218,449200,33.35
2023-05-04,27.5543,28.053,27.4296,27.8465,536200,33.5
2023-05-05,27.7621,29.092,27.5958,28.6777,1528800,34.5
2023-05-08,29.092,29.7154,29.092,29.3012,993400,35.25
2023-05-09,29.5076,29.757,28.9258,29.1349,1274500,35.05
2023-05-10,29.1336,30.9206,29.1336,30.839,2658300,37.1
2023-05-11,31.17,31.17,30.6713,30.7558,1653900,37
2023-05-12,30.7544,32.2506,30.505,31.5455,1844000,37.95
2023-05-15,31.7934,31.8765,30.3388,30.3818,1805900,36.55
2023-05-16,30.7128,31.0869,30.3804,30.6727,1208100,36.9
2023-05-17,30.9206,30.9206,29.5907,29.7584,1386900,35.8
2023-05-18,30.0063,31.0038,29.7985,30.6312,1364100,36.85
2023-05-19,30.7128,31.0869,30.3388,30.9221,783800,37.2
2023-05-22,31.5856,31.9181,30.9622,31.5871,996100,38
2023-05-23,31.5856,31.9181,29.3829,31.0883,1268500,37.4
2023-05-24,31.0869,31.2531,30.3388,30.3402,818200,36.5
2023-05-25,30.2972,31.17,30.2557,30.7558,740300,37
2023-05-26,30.9622,31.544,30.6713,31.2546,1234000,37.6
2023-05-29,31.6687,33.4142,31.5025,33.4158,3388500,40.2
2023-05-30,33.9961,34.4117,33.2896,33.9977,1763600,40.9
2023-05-31,34.1652,34.3356,33.5688,33.8255,2063100,39.7
2023-06-01,33.8244,35.358,33.3984,35.3592,3752000,41.5
2023-06-02,35.784,36.1674,34.8468,35.3592,2779200,41.5
2023-06-05,35.6988,35.6988,34.3356,34.3367,3345600,40.3
2023-06-06,34.3356,35.6136,33.9096,34.9332,3566700,41
2023-06-07,35.358,35.6988,34.8042,35.6148,2018000,41.8
2023-06-08,35.4006,38.0844,35.4006,36.552,5340800,42.9
2023-06-09,36.8916,37.914,36.5082,37.404,2472600,43.9
2023-06-12,37.914,37.9992,36.2952,37.6171,1735100,44.15
2023-06-13,37.6584,37.8714,36.423,36.4242,2556500,42.75
2023-06-14,36.636,36.9768,34.9746,34.9758,2936200,41.05
2023-06-15,35.1876,36.5508,34.7616,35.6574,1722800,41.85
2023-06-16,36.5082,36.5082,34.9746,35.1888,1628100,41.3
2023-06-19,35.2302,36.1674,34.506,36.126,1700500,42.4
2023-06-20,36.2952,37.9566,35.8692,37.9579,2534000,44.55
2023-06-21,38.2548,39.4902,37.7436,38.5117,2385900,45.2
2023-06-22,38.8512,38.9364,38.1696,38.4691,1574200,45.15
2023-06-23,38.4678,39.1068,37.5306,37.8301,2022200,44.4
2023-06-26,37.488,38.5104,35.1876,36.6372,5019100,43
2023-06-27,37.3176,37.3176,36.423,36.6372,1735300,43
2023-06-28,36.6786,37.4028,35.8692,36.8076,2471000,43.2
2023-06-29,36.8916,36.9768,35.9544,35.9556,1571800,42.2
2023-06-30,35.997,36.6786,35.8692,36.2964,1177300,42.6
2023-07-03,36.4656,37.275,36.2952,37.191,1544000,43.65
2023-07-04,37.7436,38.2548,37.3176,37.3188,2421100,43.8
2023-07-05,37.7436,38.34,37.488,37.8301,2432200,44.4
2023-07-06,37.6584,37.914,36.7212,37.4892,1968600,44
2023-07-07,37.488,38.766,37.062,38.7673,1692000,45.5
2023-07-10,38.8086,39.3624,38.5104,38.6821,1343200,45.4
2023-07-11,38.6382,39.618,38.5956,39.0229,1403000,45.8
2023-07-12,39.192,39.2772,38.34,38.8525,936700,45.6
2023-07-13,39.0216,40.9812,39.0216,39.9601,1716200,46.9
2023-07-14,40.896,40.896,39.192,39.9175,943400,46.85
2023-07-17,39.9162,39.9162,39.1068,39.3637,1439100,46.2
2023-07-18,39.3624,40.1718,39.0216,39.2785,852700,46.1
2023-07-19,39.3624,40.1292,39.0216,39.0229,1263100,45.8
2023-07-20,39.0216,39.618,38.6382,39.6193,854300,46.5
2023-07-21,39.6606,40.47,39.6606,40.3009,1561400,47.3
2023-07-24,40.47,41.2794,40.044,41.2382,1262800,48.4
2023-07-25,41.6628,41.6628,40.044,40.3861,1141700,47.4
2023-07-26,40.044,40.5978,39.618,40.4713,1280600,47.5
2023-07-27,40.47,40.47,39.2772,39.7045,1484300,46.6
2023-07-28,39.7032,40.6404,39.3198,40.6418,1112200,47.7
2023-07-31,40.896,41.1516,40.257,40.3861,750500,47.4
2023-08-01,40.6404,43.1112,40.044,41.4086,2428500,48.6
2023-08-02,41.748,42.0888,41.1942,41.2382,719400,48.4
2023-08-03,41.322,41.4072,40.1292,40.2157,1341300,47.2
2023-08-04,40.896,40.896,40.2144,40.5566,712500,47.6
2023-08-07,41.2368,41.4072,40.5552,40.7696,919600,47.85
2023-08-08,40.7682,41.1516,40.1292,40.2157,863000,47.2
2023-08-09,40.0866,40.1292,39.1068,39.1081,1864200,45.9
2023-08-10,39.1494,39.831,39.1494,39.4915,1076000,46.35
2023-08-11,39.7032,39.8736,38.4252,39.5767,614300,46.45
2023-08-14,39.7032,40.257,39.7032,40.0453,833300,47
2023-08-15,40.683,41.4072,40.2996,41.1104,1876600,48.25
2023-08-16,41.322,41.322,40.4274,40.6844,593800,47.75
2023-08-17,40.6404,41.109,39.6606,39.6619,1315200,46.55
2023-08-18,39.618,39.6606,36.8916,36.8928,1749900,43.3
2023-08-21,36.636,37.488,35.9544,36.6372,798000,43
2023-08-22,36.8064,37.3176,34.8468,37.3188,946200,43.8
2023-08-23,37.488,37.701,36.7638,36.8502,362600,43.25
2023-08-24,37.2324,38.2122,36.8064,38.1709,652800,44.8
2023-08-25,38.2122,38.5104,37.488,38.1709,612700,44.8
2023-08-28,38.1696,39.0216,38.1696,38.9377,747800,45.7
2023-08-29,39.192,39.618,38.6808,39.1933,832700,46
2023-08-30,39.4476,39.7032,38.5956,39.3637,682200,46.2
2023-08-31,39.5328,40.896,39.4902,40.8974,1656800,48
2023-09-05,41.748,42.0888,41.0664,41.4086,1420100,48.6
2023-09-06,41.4072,43.3668,40.896,42.9422,2047100,50.4
2023-09-07,43.452,43.7076,42.9408,42.9422,1147300,50.4
2023-09-08,42.6,44.9856,42.6,43.4534,1033600,51
2023-09-11,44.0484,44.0484,42.4296,42.431,1782700,49.8
2023-09-12,42.5148,44.2188,41.748,44.2203,1197200,51.9
2023-09-13,44.4744,44.8152,42.6,43.6239,1040100,51.2
2023-09-14,43.2816,43.452,42.5148,42.6014,940400,50
2023-09-15,42.6,44.304,42.2592,43.6239,885000,51.2
2023-09-18,44.0484,44.6448,42.6,43.4534,1013700,51
2023-09-19,43.9632,43.9632,42.3018,43.8795,1021800,51.5
2023-09-20,43.7928,45.4968,43.7076,45.1575,1348400,53
2023-09-21,45.3264,45.6672,44.4744,44.7315,1111300,52.5
2023-09-22,44.73,44.73,41.9184,42.9422,1149900,50.4
2023-09-25,43.026,43.452,39.9588,39.9601,1153400,46.9
2023-09-26,39.9588,40.896,38.5104,38.5117,1101200,45.2
2023-09-27,38.5104,40.8108,38.2548,40.8122,938600,47.9
2023-09-28,40.8108,41.0664,39.831,40.8974,759700,48
2023-09-29,41.6778,41.6778,40.1551,40.3739,491800,46.4
2023-10-02,40.3726,41.5038,40.3726,40.983,376300,47.1
2023-10-03,40.8947,41.1992,39.1545,39.8953,1154500,45.85
2023-10-04,39.8941,41.5908,39.8071,41.244,561000,47.4
2023-10-05,42.1999,44.1141,41.4168,43.6804,2132800,50.2
2023-10-06,43.679,44.3751,42.8959,44.3765,795900,51
2023-10-09,44.4621,45.4192,43.331,44.3765,1299100,51
2023-10-10,44.8972,45.5932,44.2011,44.2025,1317300,50.8
2023-10-11,44.2881,46.2893,44.2881,45.6817,1345900,52.5
2023-10-12,45.9413,46.6374,45.4192,45.9427,981800,52.8
2023-10-13,45.5062,46.9854,45.1582,46.9869,1265400,54
2023-10-16,46.9854,48.2906,46.1153,46.1167,1488100,53
2023-10-17,46.9854,46.9854,42.9394,42.9408,1384800,49.35
2023-10-18,43.505,44.0271,40.8947,42.9408,1920700,49.35
2023-10-19,42.9394,43.505,41.8518,41.8531,789800,48.1
2023-10-20,41.8953,43.766,40.0246,43.5064,1845000,50
2023-10-23,43.505,43.505,42.2869,43.0278,551000,49.45
2023-10-24,43.418,44.0271,41.9823,44.0284,941500,50.6
2023-10-25,44.0271,45.1582,43.9401,44.0284,906300,50.6
2023-10-26,42.8959,43.418,40.9817,41.07,2247700,47.2
2023-10-27,41.7648,42.5479,40.8077,42.5492,769200,48.9
2023-10-30,42.5479,42.5479,39.5896,39.5908,855300,45.5
2023-10-31,40.0246,40.0246,36.8487,36.8499,1742900,42.35
2023-11-01,36.9793,38.1104,36.5877,38.1116,696500,43.8
2023-11-02,38.8935,40.7207,38.2844,40.7219,632600,46.8
2023-11-03,40.9382,40.9382,40.0681,40.4174,606600,46.45
2023-11-06,40.7642,40.7642,40.1986,40.4609,641600,46.5
2023-11-07,40.3726,41.5908,40.2421,40.983,712000,47.1
2023-11-08,40.9817,43.331,40.8512,43.3323,956400,49.8
2023-11-09,43.766,44.3751,43.07,43.5064,1024400,50
2023-11-10,42.7219,44.7231,42.7219,43.6804,938000,50.2
2023-11-13,44.2011,44.2011,43.07,43.9414,652100,50.5
2023-11-14,44.4621,44.5491,43.418,44.0284,596500,50.6
2023-11-15,44.9842,44.9842,43.592,43.7674,627500,50.3
2023-11-16,43.418,44.8102,43.07,44.8115,609500,51.5
2023-11-17,44.8972,46.0283,44.0271,44.2025,1898300,50.8
2023-11-20,42.8959,46.0283,42.8959,45.8557,1617400,52.7
2023-11-21,46.5504,46.5504,45.3322,45.5076,897900,52.3
2023-11-22,45.5932,46.3763,44.8972,46.3778,1042700,53.3
2023-11-23,46.6374,46.8984,44.2011,44.2025,1370100,50.8
2023-11-24,44.2881,45.2452,42.7219,45.2466,1222400,52
2023-11-27,45.2452,46.2023,44.8102,45.3336,787400,52.1
2023-11-28,45.0712,45.6803,44.0271,45.3336,695200,52.1
2023-11-29,45.9413,46.1153,45.3322,45.9427,608000,52.8
2023-11-30,46.2023,48.7256,46.1153,47.4219,2524400,54.5
2023-12-01,48.6386,48.6386,47.3334,48.031,935900,55.2
2023-12-04,48.6386,50.4658,48.4646,49.9453,1162500,57.4
2023-12-05,49.9437,50.0308,49.0736,49.4232,765200,56.8
2023-12-06,49.5957,49.6827,48.7256,49.2492,952300,56.6
2023-12-07,49.5087,49.5087,46.5504,47.5959,2117400,54.7
2023-12-08,47.5945,48.5516,47.0724,48.5531,748200,55.8
2023-12-11,48.6386,49.1607,47.7685,48.031,694700,55.2
2023-12-12,48.3776,48.7256,47.6815,48.2921,656900,55.5
2023-12-13,48.2906,48.3776,46.7244,46.8998,1008900,53.9
2023-12-14,47.2464,47.3334,46.5504,46.5518,843200,53.5
2023-12-15,46.3763,46.9854,45.7673,46.0297,663900,52.9
2023-12-18,45.9413,46.2893,44.9842,44.9856,1025400,51.7
2023-12-19,44.8102,45.8543,44.8102,45.7687,477500,52.6
2023-12-20,45.8543,46.7244,45.7673,46.5518,449100,53.5
2023-12-21,46.3763,46.6374,45.7673,46.4648,579000,53.4
2023-12-22,46.8984,47.2464,46.1153,46.3778,498000,53.3
2023-12-25,46.2893,47.5075,46.2893,47.3349,642900,54.4
2023-12-26,47.3334,48.2035,47.2464,47.5089,548600,54.6
2023-12-27,47.5945,47.7685,46.6374,46.6388,591400,53.6
2023-12-28,46.7244,47.4205,46.3763,47.4219,770000,54.5
2023-12-29,47.4205,48.0295,47.1594,47.77,638800,54.9
2024-01-02,47.8555,47.9425,44.8102,45.9427,1340600,52.8
2024-01-03,45.6803,46.5504,45.6803,46.4648,656600,53.4
2024-01-04,46.5504,46.6374,45.5932,45.6817,1474200,52.5
2024-01-05,45.7673,46.2023,45.0712,45.2466,1081600,52
2024-01-08,45.6803,46.0283,45.3322,45.5947,501900,52.4
2024-01-09,45.7673,46.5504,45.7673,46.2037,917800,53.1
2024-01-10,46.2893,46.2893,45.3322,45.5076,537600,52.3
2024-01-11,45.6803,46.0283,45.3322,45.8557,386000,52.7
2024-01-12,45.0712,45.5932,44.6361,44.8986,763400,51.6
2024-01-15,45.0712,45.4192,43.505,43.5064,1108000,50
2024-01-16,43.505,44.3751,43.244,44.3765,550500,51
2024-01-17,44.3751,45.3322,44.1141,45.2466,764800,52
2024-01-18,45.5062,45.5062,44.4621,44.8986,404200,51.6
2024-01-19,45.1582,46.0283,44.8102,44.8986,389400,51.6
2024-01-22,45.2452,45.2452,44.1141,44.8986,536200,51.6
2024-01-23,44.9842,45.3322,44.2881,44.3765,380600,51
2024-01-24,44.3751,44.8102,43.9401,43.9414,314500,50.5
2024-01-25,44.3751,44.3751,43.853,43.8544,307300,50.4
2024-01-26,44.4621,44.8102,43.9401,44.8115,414800,51.5
2024-01-29,44.8102,45.6803,44.7231,44.9856,762200,51.7
2024-01-30,44.9842,46.3763,44.8972,46.3778,1091900,53.3
2024-01-31,46.3763,46.5504,45.3322,45.5076,855300,52.3
2024-02-01,45.5062,47.4205,45.2452,47.4219,1820100,54.5
2024-02-02,47.4205,47.4205,46.5504,46.8128,711700,53.8
2024-02-05,46.8984,46.8984,45.7673,46.1167,869300,53
2024-02-06,46.1153,46.5504,45.7673,45.8557,831700,52.7
2024-02-07,45.8543,46.4633,45.6803,45.8557,750900,52.7
2024-02-15,46.3763,46.3763,45.3322,45.3336,1133200,52.1
2024-02-16,45.3322,46.5504,45.3322,46.1167,719000,53
2024-02-19,46.1153,46.3763,45.5062,46.0297,1069900,52.9
2024-02-20,46.2893,46.2893,45.7673,46.0297,619300,52.9
2024-02-21,46.0283,49.2477,45.6803,49.0752,3697600,56.4
2024-02-22,49.0736,49.0736,48.0295,48.205,1003100,55.4
2024-02-23,48.2035,48.4646,45.6803,46.1167,2521200,53
2024-02-26,45.9413,47.0724,45.9413,46.8128,1226900,53.8
2024-02-27,46.9854,47.8555,46.5504,47.857,1785200,55
2024-02-28,47.9425,47.9425,46.7244,46.7258,1340800,53.7
2024-02-29,46.8984,48.8996,46.8114,48.205,2639700,55.4
2024-03-01,48.3776,48.7256,47.5945,48.2921,1422900,55.5
2024-03-04,48.7256,50.0308,48.5516,49.3362,2208300,56.7
2024-03-05,49.4217,49.4217,48.1165,48.7271,1271800,56
2024-03-06,48.5516,48.7256,47.3334,47.4219,1163100,54.5
2024-03-07,47.7685,47.8555,46.5504,47.857,1964700,55
2024-03-08,48.4646,48.5516,46.8984,47.1609,1490200,54.2
2024-03-11,47.4205,48.4646,46.8114,47.3349,1098900,54.4
2024-03-12,47.3334,48.4646,47.0724,48.031,1361600,55.2
2024-03-13,48.7256,51.3359,48.2035,51.3375,4442200,59
2024-03-14,51.858,52.206,50.6398,51.5115,1609400,59.2
2024-03-15,51.3359,52.9891,50.4658,52.1206,1936500,59.9
2024-03-18,52.38,52.38,48.5516,50.2933,3103800,57.8
2024-03-19,50.4658,50.9879,49.5087,49.5972,916200,57
2024-03-20,49.6827,50.8138,49.4217,50.8154,1130000,58.4
2024-03-21,51.1619,51.5099,50.4658,51.3375,1309100,59
2024-03-22,51.4229,52.8151,50.8138,50.8154,2024100,58.4
2024-03-25,50.8138,51.0749,49.4217,49.7713,1508800,57.2
2024-03-26,50.0308,51.771,49.5957,51.2505,1138100,58.9
2024-03-27,51.3359,51.858,50.5528,51.1635,753800,58.8
2024-03-28,51.5969,52.119,50.8138,51.6855,1150500,59.4
2024-03-29,51.858,52.9891,50.8138,50.8154,1402700,58.4
2024-04-01,50.8138,51.6839,50.6398,51.0765,1114000,58.7
2024-04-02,50.8138,52.032,50.2918,51.0765,1349000,58.7
2024-04-03,51.3359,51.771,50.4658,50.4674,1055700,58
2024-04-04,50.4658,50.5528,49.5087,49.5102,1251500,56.9
2024-04-05,48.7256,49.9437,48.7256,48.7271,1174800,56
2024-04-08,48.7256,49.0736,48.0295,48.118,694400,55.3
2024-04-09,48.2035,48.9866,47.9425,48.9882,444700,56.3
2024-04-10,49.0736,49.6827,48.7256,48.7271,636100,56
2024-04-11,48.0295,48.9866,48.0295,48.7271,494000,56
2024-04-12,49.4217,49.4217,48.5516,49.3362,385400,56.7
2024-04-15,49.2477,49.3347,45.9413,45.9427,1170300,52.8
2024-04-16,45.9413,45.9413,43.592,44.9856,1143600,51.7
2024-04-17,45.4192,46.1153,44.4621,44.5505,756500,51.2
2024-04-19,44.2011,45.0712,42.8089,42.8102,897000,49.2
2024-04-22,43.766,43.766,42.9829,43.4193,611800,49.9
2024-04-23,43.505,43.853,42.4609,42.7232,552000,49.1
2024-04-24,43.07,44.2881,43.07,44.2025,836800,50.8
2024-04-25,44.2011,44.6361,43.853,44.2025,492900,50.8
2024-04-26,43.853,44.8102,43.853,44.2025,378900,50.8
2024-05-02,44.2011,45.6803,43.9401,45.1596,688000,51.9
2024-05-03,45.2452,45.6803,44.7231,44.7245,479400,51.4
2024-05-06,45.0712,46.0283,44.9842,45.7687,762600,52.6
2024-05-07,45.8543,46.5504,45.3322,46.4648,520700,53.4
2024-05-08,46.3763,46.7244,45.5062,46.3778,448000,53.3
2024-05-09,46.3763,47.4205,46.3763,47.1609,953100,54.2
2024-05-10,47.1594,47.1594,46.1153,46.2908,528000,53.2
2024-05-13,47.0724,47.0724,46.2893,46.4648,558600,53.4
2024-05-14,46.8984,47.2464,46.5504,46.8998,578600,53.9
2024-05-15,46.8984,47.6815,46.8984,47.5089,722500,54.6
2024-05-16,47.8555,47.8555,47.4205,47.4219,469600,54.5
2024-05-17,47.5075,48.0295,47.2464,47.857,409100,55
2024-05-20,48.2906,48.4646,47.6815,47.857,569300,55
2024-05-21,47.6815,47.8555,46.9854,47.3349,547900,54.4
2024-05-22,47.7685,47.9425,46.9854,47.3349,609800,54.4
2024-05-23,47.1594,48.6386,47.1594,48.6401,589300,55.9
2024-05-24,48.2906,48.7256,46.5504,47.1609,621800,54.2
2024-05-27,47.6815,47.9425,46.9854,47.3349,362600,54.4
2024-05-28,48.2906,49.2477,47.5945,49.2492,992300,56.6
2024-05-29,49.9437,49.9437,48.1165,48.3791,970500,55.6
2024-05-30,47.8555,48.4646,47.1594,47.857,721500,55
2024-05-31,48.4646,48.4646,47.5945,47.77,264000,54.9
2024-06-03,47.9425,48.8996,47.9425,48.8141,725900,56.1
2024-06-04,48.9866,48.9866,47.8555,48.118,587000,55.3
2024-06-05,48.2906,49.0736,48.1165,48.118,586300,55.3
2024-06-06,48.2035,48.2906,47.1594,47.4219,578400,54.5
2024-06-07,47.6815,48.0295,47.3334,47.683,290900,54.8
2024-06-10,47.6815,48.4646,47.5075,48.2921,554200,55.5
2024-06-11,48.4646,49.1607,48.2906,49.1622,947700,56.5
2024-06-12,49.0736,49.4217,48.4646,49.2492,714200,56.6
2024-06-13,49.2477,49.4217,48.5516,48.5531,640800,55.8
2024-06-14,48.4646,48.8126,47.4205,47.4219,734700,54.5
2024-06-17,47.5945,47.7685,47.3334,47.4219,475300,54.5
2024-06-18,47.4205,47.7685,47.4205,47.683,293700,54.8
2024-06-19,47.5075,47.8555,47.2464,47.5089,400200,54.6
2024-06-20,47.7685,47.7685,46.8984,47.3349,298500,54.4
2024-06-21,47.3334,47.4205,46.1153,46.6388,552600,53.6
2024-06-24,46.2893,48.1165,46.2023,46.2037,779700,53.1
2024-06-25,46.3763,46.5504,45.2452,45.9427,529700,52.8
2024-06-26,46.3763,46.3763,45.1582,45.4206,329500,52.2
2024-06-27,45.4192,46.1153,45.4192,46.0297,174300,52.9
2024-06-28,45.5932,46.0283,45.3322,45.3336,287500,52.1
2024-07-01,45.3322,45.7673,45.0712,45.6817,186500,52.5
2024-07-02,45.8543,46.2893,45.4192,45.9427,148200,52.8
2024-07-03,46.3763,46.3763,45.6803,45.7687,167500,52.6
2024-07-04,45.7673,46.2023,45.5932,45.6817,208000,52.5
2024-07-05,45.5932,45.9413,45.5062,45.5076,227800,52.3
2024-07-08,45.5932,46.1153,45.5062,45.9427,234800,52.8
2024-07-09,46.1153,46.8114,46.1153,46.4648,336100,53.4
2024-07-10,46.6374,46.8984,46.2893,46.2908,263100,53.2
2024-07-11,46.4633,46.7244,46.0283,46.0297,248000,52.9
2024-07-12,46.2023,46.2023,45.7673,45.7687,201100,52.6
2024-07-15,45.8543,46.0283,45.5932,45.5947,170500,52.4
2024-07-16,46.1153,46.8114,45.5062,45.5076,432400,52.3
2024-07-17,46.1153,46.1153,44.0271,44.4635,363000,51.1
2024-07-18,44.5491,44.8102,44.0271,44.7245,263100,51.4
2024-07-19,45.1582,45.1582,44.2011,44.7245,259600,51.4
2024-07-22,44.2011,44.6361,42.6784,43.1583,629800,49.6
2024-07-23,42.2869,43.2005,42.2869,42.4622,243400,48.8
2024-07-24,42.9394,42.9394,42.1999,42.7232,214100,49.1
2024-07-25,42.9829,42.9829,42.6349,42.9843,128200,49.4
2024-07-26,43.07,43.244,42.4609,42.5057,379600,48.85
2024-07-29,42.6784,42.9829,40.7642,40.809,910400,46.9
2024-07-30,41.3298,41.6778,40.8947,41.0265,437900,47.15
2024-07-31,41.0687,41.1557,39.372,39.3732,1110100,45.25
2024-08-01,40.4597,40.4597,37.4143,37.5895,643700,43.2
2024-08-02,36.7617,38.0669,36.6312,38.0681,431900,43.75
2024-08-05,36.9793,37.8494,35.4131,35.4142,1119200,40.7
2024-08-06,36.0656,36.0656,34.0644,34.7181,1471500,39.9
2024-08-07,34.804,36.3702,34.804,35.2401,1367000,40.5
2024-08-08,35.6741,35.8916,34.1949,34.196,1617800,39.3
2024-08-09,34.9345,35.6741,34.4995,35.5882,1084600,40.9
2024-08-12,35.8481,36.8922,35.7611,36.5453,1600900,42
2024-08-13,36.6312,36.8052,35.8481,36.1103,914700,41.5
2024-08-14,36.5442,36.8922,35.6741,35.6752,719100,41
2024-08-15,35.6741,35.7176,34.891,35.0661,715000,40.3
2024-08-16,35.5001,37.5013,35.2391,37.5025,2046700,43.1
2024-08-19,38.2844,39.5896,37.9364,38.7207,1434800,44.5
2024-08-20,39.1545,39.546,38.2409,39.1557,1703700,45
2024-08-21,39.2415,39.7636,38.8065,39.5473,1047900,45.45
2024-08-22,39.546,39.546,38.4584,38.7207,1679500,44.5
2024-08-23,38.5019,39.3285,38.3714,38.6336,1053500,44.4
2024-08-26,39.0675,40.1551,38.6324,38.7642,1074600,44.55
2024-08-27,38.763,39.111,38.4584,38.8947,596700,44.7
2024-08-28,38.937,39.5896,38.5454,39.0687,1043800,44.9
2024-08-29,38.9805,39.459,38.6759,38.7207,518100,44.5
2024-08-30,39.024,39.024,38.4584,38.4596,515200,44.2
2024-09-04,37.8494,38.1104,37.4578,37.546,1265700,43.15
2024-09-05,37.6318,38.0234,36.8052,36.9804,1122500,42.5
2024-09-06,36.9793,37.1968,36.6747,37.1109,702300,42.65
2024-09-09,37.1968,37.3273,36.3267,36.5018,865600,41.95
2024-09-10,36.9357,36.9357,35.5871,35.6752,1010200,41
2024-09-11,35.6741,36.4572,35.3261,36.1973,756600,41.6
2024-09-12,36.5442,36.7617,35.9786,35.9798,439100,41.35
2024-09-13,35.9786,36.5877,35.9786,36.5888,449000,42.05
2024-09-16,37.0663,37.0663,36.0656,36.5453,766000,42
2024-09-17,36.5007,36.9357,35.9786,36.9369,832000,42.45
2024-09-18,36.7182,37.1533,36.5877,36.7194,700900,42.2
2024-09-19,36.7617,38.0234,36.6747,38.0246,1373300,43.7
2024-09-20,38.3279,38.3714,37.5883,37.633,895300,43.25
2024-09-23,38.0234,38.0234,37.4578,37.633,497000,43.25
2024-09-24,37.6318,38.8935,37.4578,38.4596,1716000,44.2
2024-09-25,38.7195,38.8935,38.3279,38.4596,853800,44.2
2024-09-26,38.4584,38.7195,37.9364,38.2421,1178700,43.95
2024-09-27,38.4584,38.4584,37.8929,38.1986,955200,43.9
2024-09-30,38.2409,38.4584,37.5883,37.9375,1238300,43.6
2024-10-01,37.5883,38.5889,37.5883,38.4161,1416300,44.15
2024-10-02,38.2844,38.3714,37.6753,37.8505,991200,43.5
2024-10-03,37.7188,38.1974,37.0663,37.72,1430000,43.35
2024-10-04,37.7188,37.7188,37.0228,37.72,946500,43.35
2024-10-07,37.6753,37.7623,37.1533,37.4155,562800,43
2024-10-08,37.4143,37.5883,36.9793,37.1979,658000,42.75
2024-10-09,37.1968,38.0234,37.1968,38.0246,1170400,43.7
2024-10-10,38.2844,38.3714,37.8929,38.2856,840200,44
2024-10-11,38.4149,38.6759,37.9799,38.3291,889900,44.05
2024-10-14,38.4149,38.5454,37.4143,37.7635,1484300,43.4
2024-10-15,37.4578,37.7623,37.1968,37.1979,837900,42.75
2024-10-16,37.4143,37.4143,36.5877,37.2849,821100,42.85
2024-10-17,37.1968,37.3273,36.6312,37.1979,666100,42.75
2024-10-18,37.3273,37.7623,37.1098,37.1979,805700,42.75
2024-10-21,36.9234,37.6404,36.9234,37.286,461600,41.6
2024-10-22,37.2371,37.2371,36.3857,36.6586,916900,40.9
2024-10-23,36.3409,36.9234,36.1169,36.8827,520300,41.15
2024-10-24,36.565,36.6098,35.9824,36.3001,777000,40.5
2024-10-25,36.3857,36.3857,35.848,36.3001,527200,40.5
2024-10-28,35.9376,36.2513,35.9376,36.2553,428300,40.45
2024-10-29,36.0761,36.8379,36.0761,36.7483,423500,41
2024-10-30,36.9234,37.0131,36.2961,36.6586,341400,40.9
2024-10-31,36.6546,36.6994,36.1169,36.569,448100,40.8
2024-11-01,36.2513,36.565,35.7584,36.2105,853800,40.4
2024-11-04,36.1169,36.1169,35.4447,35.5831,660800,39.7
2024-11-05,35.5831,35.852,35.4935,35.852,266900,40
2024-11-06,35.8928,38.3574,35.8928,38.3616,3506400,42.8
2024-11-07,38.4022,38.7158,37.7748,37.9583,1253700,42.35
2024-11-08,37.9541,38.4918,37.2819,38.1823,1672100,42.6
2024-11-11,38.4022,39.1191,38.0885,38.8546,1956000,43.35
2024-11-12,39.1639,39.388,38.1781,38.3616,1502800,42.8
2024-11-13,38.0885,38.8055,37.4612,38.8097,1630800,43.3
2024-11-14,38.7607,40.1498,38.5366,38.8097,3523800,43.3
2024-11-15,38.5814,39.8809,38.5814,39.2579,2557600,43.8
2024-11-18,39.2536,39.2984,37.2819,38.1823,1783300,42.6
2024-11-19,38.2229,38.2229,35.8928,35.8968,1794900,40.05
2024-11-20,35.848,36.9234,35.2207,36.6586,1475600,40.9
2024-11-21,36.7442,37.1475,36.4305,36.9275,636900,41.2
2024-11-22,37.1027,37.1923,36.565,36.8827,813300,41.15
2024-11-25,36.8786,37.1027,36.6994,36.8827,420300,41.15
2024-11-26,37.1923,37.73,37.0579,37.5549,891500,41.9
2024-11-27,37.506,37.506,36.8786,37.2412,689300,41.55
2024-11-28,37.4612,37.4612,36.8786,37.1516,666600,41.45
2024-11-29,36.9683,38.2677,36.789,37.8238,1976600,42.2
2024-12-02,38.0031,38.8994,37.9135,38.5409,1481700,43
2024-12-03,38.5366,39.4328,38.1781,38.3616,1705900,42.8
2024-12-04,38.5814,38.671,37.7748,38.1823,1012700,42.6
2024-12-05,38.447,39.7913,37.9989,39.3923,1776400,43.95
2024-12-06,39.612,40.0601,38.9847,38.989,1706000,43.5
2024-12-09,38.9847,39.612,38.8951,38.989,1282700,43.5
2024-12-10,38.9847,39.9705,38.8951,39.0786,1707800,43.6
2024-12-11,39.2536,39.4328,38.9399,39.3475,1094100,43.9
2024-12-12,39.4328,41.0908,39.4328,39.8853,2398100,44.5
2024-12-13,39.7913,40.1946,39.2536,39.3475,1206200,43.9
2024-12-16,40.2394,40.2394,39.4328,39.9749,1099100,44.6
2024-12-17,40.2394,40.2394,39.2088,39.3923,1938000,43.95
2024-12-18,39.3432,39.4328,38.8055,39.3923,1059900,43.95
2024-12-19,38.7158,39.2984,38.6262,38.8994,1354900,43.4
2024-12-20,38.8951,39.7465,38.8951,39.1683,853000,43.7
2024-12-23,39.5224,40.1498,39.2536,39.6164,1316900,44.2
2024-12-24,39.8809,40.2394,39.4328,40.2438,1500900,44.9
2024-12-25,40.5082,41.1356,40.2394,40.5575,1871400,45.25
2024-12-26,40.5531,40.7323,39.8809,39.8853,913100,44.5
2024-12-27,40.329,40.4186,39.5672,40.0646,1050400,44.7
2024-12-30,40.0153,40.6875,39.4328,40.4679,1200900,45.15
2024-12-31,40.4634,40.4634,40.1498,40.2886,845300,44.95
2025-01-02,40.3335,42.1261,40.0646,42.1261,3000200,47
2025-01-03,42.1261,42.8431,41.8124,42.1261,2814400,47
2025-01-06,41.9468,42.6639,41.5883,42.1261,2121500,47
2025-01-07,42.211,43.2865,41.8974,42.9327,2969400,47.9
2025-01-08,43.0224,43.2913,42.6191,43.0224,1581800,48
2025-01-09,43.5553,43.6449,42.6591,42.7535,1283200,47.7
2025-01-10,42.7487,43.2865,41.9422,42.6638,1708700,47.6
2025-01-13,42.1214,42.8384,42.1214,42.7086,660300,47.65
2025-01-14,42.7487,44.4963,42.7487,44.1875,1985200,49.3
2025-01-15,44.1827,44.4515,43.5553,44.4564,1185600,49.6
2025-01-16,44.5411,44.6308,43.6001,43.829,1513800,48.9
2025-01-17,43.9138,44.81,43.9138,44.4564,1095500,49.6
2025-01-20,44.4515,44.586,43.4657,43.4705,880000,48.5
2025-01-21,43.5105,44.0482,43.4209,43.7394,767000,48.8
2025-01-22,43.5553,44.093,43.3761,43.3809,975900,48.4
2025-01-23,43.3761,44.4515,42.5247,44.3668,1914300,49.5
2025-01-24,44.6308,45.6166,44.2723,44.5461,1242000,49.7
2025-02-04,45.1685,45.7062,45.1685,45.6216,1015200,50.9
2025-02-05,45.4373,45.6166,44.9892,45.6216,591900,50.9
2025-02-06,45.7062,46.2439,44.8996,45.7112,1028700,51
2025-02-07,45.7062,45.8854,44.81,44.8149,914800,50
2025-02-10,44.81,45.2581,44.4515,44.5461,920900,49.7
2025-02-11,45.1685,45.7062,44.5411,45.4424,741600,50.7
2025-02-12,45.6166,46.1543,45.527,45.7112,772300,51
2025-02-13,45.7958,45.7958,44.6756,45.4424,971800,50.7
2025-02-14,45.6166,46.0647,45.2581,45.8905,900700,51.2
2025-02-17,46.1543,46.1543,45.2581,45.3527,895000,50.6
2025-02-18,45.1685,45.7062,44.81,45.7112,1043100,51
2025-02-19,46.1543,47.8571,45.8854,47.5038,1568200,53
2025-02-20,47.4986,47.8571,47.0505,47.1453,572600,52.6
2025-02-21,47.3194,47.6778,47.0505,47.3246,717000,52.8
2025-02-24,47.5882,47.6778,46.9609,47.4142,605800,52.9
2025-02-25,47.4986,47.6778,46.0647,46.4283,1419200,51.8
2025-02-26,46.4232,47.4986,46.4232,47.1453,918400,52.6
2025-02-27,47.1401,47.1401,45.8854,46.7868,801300,52.2
2025-02-28,46.6024,47.3194,46.2439,46.6972,888400,52.1
2025-03-03,46.692,47.1401,46.3335,46.6075,553700,52
2025-03-04,46.7816,47.2297,43.8242,46.249,2850400,51.6
2025-03-05,46.3335,46.3335,44.1827,44.1875,1547800,49.3
2025-03-06,44.5411,45.4373,44.1827,45.4424,1380400,50.7
2025-03-07,44.9892,45.527,44.5411,44.9046,1155800,50.1
2025-03-10,45.0789,45.527,44.4515,44.9942,849600,50.2
2025-03-11,44.81,44.9892,44.1827,44.9942,835000,50.2
2025-03-12,45.1685,47.1401,44.81,46.7868,2347700,52.2
2025-03-13,46.9609,46.9609,45.6166,45.9801,1033300,51.3
2025-03-14,45.7062,46.5128,45.0789,45.6216,987200,50.9
2025-03-17,45.527,46.0647,45.0789,45.4424,748400,50.7
2025-03-18,45.6166,46.3335,45.2581,46.0698,858400,51.4
2025-03-19,45.9751,46.3335,45.4373,46.1594,653300,51.5
2025-03-20,46.1543,47.6778,45.9751,46.6075,1944600,52
2025-03-21,46.692,46.8713,45.8854,46.3387,574600,51.7
2025-03-24,46.6024,46.6024,45.527,45.6216,948900,50.9
2025-03-25,45.6166,46.2439,45.527,46.0698,1058000,51.4
2025-03-26,46.2439,46.3335,44.81,45.1735,810700,50.4
2025-03-27,45.1685,45.2581,44.7652,44.7701,1161300,49.95
2025-03-28,44.6756,44.6756,43.0176,43.4705,1593900,48.5
2025-03-31,42.9728,43.9138,42.9728,43.9186,730500,49
2025-04-01,43.9138,45.1685,43.6449,44.1427,648200,49.25
2025-04-02,44.4515,44.7204,43.8242,43.829,419500,48.9
2025-04-03,40.7771,42.0318,40.7771,40.7816,1123000,45.5
2025-04-04,37.9541,37.9541,37.9541,37.9583,456500,42.35
2025-04-08,35.3103,35.3103,35.3103,35.3142,207200,39.4
2025-04-09,32.8494,32.8494,32.8494,32.8494,412500,36.65
2025-04-10,35.131,35.131,35.131,35.1349,596400,39.2
2025-04-11,35.1798,35.2246,32.715,34.3283,2908200,38.3
2025-04-14,36.6994,36.6994,36.2961,36.7034,1389700,40.95
2025-04-15,36.7442,38.9399,35.9824,36.6138,1939400,40.85
2025-04-16,36.6098,37.6404,36.1617,36.7034,1211600,40.95
2025-04-17,35.9824,36.6546,34.9518,36.5242,591800,40.75
2025-04-18,37.1068,38.5409,36.3002,37.6446,1310200,42
2025-04-21,37.4653,37.5998,35.7624,35.852,720700,40
2025-04-22,35.848,35.848,33.3386,33.4768,1850500,37.35
2025-04-23,35.2655,35.2655,33.5179,34.9108,948000,38.95
2025-04-24,35.852,36.7483,35.1798,35.5383,697600,39.65
2025-04-25,34.8661,36.3898,34.8661,35.5383,682000,39.65
2025-04-28,35.5343,35.8032,35.0414,35.2245,461200,39.3
2025-04-29,35.2207,35.6688,35.0862,35.2245,249600,39.3
2025-05-05,35.624,36.565,35.3551,36.3449,464800,40.55
2025-05-06,36.4305,37.4612,35.848,36.1657,543400,40.35
2025-05-07,36.1617,37.1475,35.9376,36.9723,785500,41.25
2025-05-08,37.4653,39.4372,37.3757,39.4372,1538100,44
2025-05-09,39.612,39.8361,38.6262,39.5716,956600,44.15
2025-05-12,39.6613,40.3335,39.3924,40.3335,896400,45
2025-05-13,40.329,41.4044,40.105,41.5883,1030000,46.4
2025-05-14,41.7181,41.7629,40.7771,41.0505,631300,45.8
2025-05-15,41.0954,41.2298,40.4231,41.2298,626200,46
2025-05-16,41.27,41.8974,41.0908,41.3194,717500,46.1
2025-05-19,41.3148,41.3148,40.4186,40.7368,513600,45.45
2025-05-20,40.7323,41.2252,39.8809,40.1094,859100,44.75
2025-05-21,40.2394,40.2394,37.3267,39.706,809000,44.3
2025-05-22,39.6569,41.046,39.2536,39.8405,1171300,44.45
2025-05-23,40.0153,40.0153,38.4918,38.5857,959900,43.05
2025-05-26,39.1683,41.1402,37.779,40.3335,1196800,45
2025-05-27,41.2252,41.2252,39.8809,40.5575,1290000,45.25
2025-05-28,40.5576,41.185,40.3335,40.3335,1059200,45
2025-05-29,41.0012,41.987,40.4186,40.5575,1137600,45.25
2025-05-30,40.4186,40.7771,39.3432,39.3475,853800,43.9
2025-06-02,39.4372,39.8854,38.7202,39.4372,571000,44
2025-06-03,39.975,40.692,39.4372,40.3335,679700,45
2025-06-04,40.7323,41.1356,40.1498,40.7368,1204900,45.45
2025-06-05,41.2252,42.5247,40.8667,42.5294,2116100,47.45
2025-06-06,42.5247,42.5695,40.9563,40.9609,1188100,45.7
2025-06-09,40.8713,40.9609,39.0787,39.4372,1127000,44
2025-06-10,39.4328,40.0601,38.5366,39.2131,702400,43.75
2025-06-11,39.8809,39.8809,39.0743,39.2131,375300,43.75
2025-06-12,39.7913,40.2394,39.6569,40.1542,521400,44.8
2025-06-13,39.388,39.7913,38.7158,38.8994,642600,43.4
2025-06-16,38.5366,39.2984,38.447,39.1234,541300,43.65
2025-06-17,39.4328,39.7465,39.2088,39.3027,350300,43.85
2025-06-18,39.4328,39.7017,39.1191,39.1683,446700,43.7
2025-06-19,39.1639,39.7017,38.9847,39.3475,523000,43.9
2025-06-20,39.4328,39.612,38.8503,38.8994,462100,43.4
2025-06-23,38.8951,40.2394,38.1781,39.7957,776100,44.4
2025-06-24,39.9257,40.5979,39.7913,40.2438,1027200,44.9
2025-06-25,40.2439,40.5576,39.975,40.3335,769900,45
2025-06-26,40.3738,40.6427,40.105,40.4231,506700,45.1
2025-06-27,40.7771,41.1356,40.2394,40.6023,551900,45.3
2025-06-30,40.5082,41.2252,40.1498,40.2886,530200,44.95
2025-07-01,40.5082,41.4941,40.2394,40.4231,1227400,45.1
2025-07-02,40.6875,42.0766,40.4186,41.6779,1664600,46.5
2025-07-03,41.046,41.1804,39.7465,39.9749,1793300,44.6
2025-07-04,40.105,40.1946,39.5672,39.706,969600,44.3
2025-07-07,40.2842,40.329,39.4328,39.8853,457600,44.5
2025-07-08,40.7771,40.8667,40.1946,40.2886,688300,44.95
2025-07-09,40.329,40.5979,39.8361,39.9749,1473500,44.6
2025-07-10,40.0601,41.046,40.0601,41.0505,1731000,45.8
2025-07-11,41.2252,41.5837,40.6427,40.8264,1011400,45.55
2025-07-14,41.5837,42.0318,40.5082,41.8123,1845700,46.65
2025-07-15,42.0318,42.0318,41.1804,41.1849,1310100,45.95
2025-07-16,41.1356,41.8974,41.0012,41.4538,718400,46.25
2025-07-17,41.8077,43.6898,41.4941,42.3949,2088300,47.3
2025-07-18,43.0176,43.1968,41.8525,42.3053,1172800,47.2
2025-07-21,42.9728,42.9728,41.3596,41.3642,1120800,46.15
2025-07-22,41.4044,43.0176,40.9115,42.9775,1404700,47.95
2025-07-23,44.093,44.2275,43.0176,43.2912,2063300,48.3
2025-07-24,43.3761,44.0034,42.4799,43.9186,1798200,49
2025-07-25,44.81,46.9609,44.7652,46.9661,2408600,52.4
2025-07-28,50.1872,50.1872,50.1872,50.1927,576100,56
2025-07-29,53.6824,53.6824,51.0834,51.089,7251200,57
2025-07-30,53.2343,54.5786,53.1447,54.495,3573000,60.8
2025-07-31,57.3568,57.3568,52.8758,53.2402,2395000,59.4
2025-08-01,54.3993,54.3993,50.3664,50.4616,3138600,56.3
2025-08-04,50.2768,53.3239,50.2768,51.6268,1716200,57.6
2025-08-05,51.89,52.8758,48.0363,49.0276,3711500,54.7
2025-08-06,49.1118,50.5457,48.1259,50.0135,3148800,55.8
2025-08-07,53.3239,53.3239,50.0976,50.2824,1904400,56.1
2025-08-08,50.3664,51.9796,49.291,51.9853,3179500,58
2025-08-11,52.8758,55.5644,51.9796,55.5705,3946800,62
2025-08-12,56.9087,59.4181,55.8333,59.4246,4993700,66.3
2025-08-13,60.6727,60.6727,56.9087,59.1557,3025800,66
2025-08-15,57.4464,59.6869,56.1917,58.5283,3048100,65.3
2025-08-18,58.4322,60.9416,58.253,58.8868,3021700,65.7
2025-08-19,59.5973,61.8378,57.8049,60.7691,3835100,67.8
2025-08-20,61.3001,61.4793,56.5502,60.6794,3824800,67.7
2025-08-21,60.0454,60.0454,57.536,58.2594,2086100,65
2025-08-22,56.9087,57.536,54.2201,54.2261,3107200,60.5
2025-08-25,54.3097,55.2955,53.055,53.1505,1481100,59.3
2025-08-26,52.4277,55.2059,52.4277,55.1224,1053600,61.5
2025-08-27,55.1163,56.2814,54.6682,55.3016,1661900,61.7
2025-08-28,55.7436,56.371,55.2059,56.1979,838500,62.7
2025-08-29,56.6398,56.6398,54.6682,54.6742,1687700,61
2025-09-03,54.6682,55.8333,54.489,55.3913,1202800,61.8
2025-09-04,55.5644,56.9087,55.2955,56.0187,857200,62.5
2025-09-05,56.1021,58.0738,55.5644,55.5705,2047700,62
2025-09-08,55.5644,55.5644,51.7107,51.7164,1924100,57.7
2025-09-09,51.0834,53.055,50.5457,51.8957,1426300,57.9
2025-09-10,52.2485,52.3381,50.008,50.2824,1674900,56.1
2025-09-11,50.2768,51.3523,47.4986,50.9994,1097600,56.9
2025-09-12,51.3523,52.4277,51.0834,52.075,797800,58.1
2025-09-15,52.0692,53.4135,51.8004,53.4194,1041600,59.6
2025-09-16,53.5031,53.5031,51.9796,52.4335,996700,58.5
2025-09-17,52.4277,52.4277,51.173,51.1787,574400,57.1
2025-09-18,51.89,51.9796,50.7249,51.9853,450100,58
2025-09-19,52.3381,53.3239,52.2485,52.4335,713000,58.5
2025-09-22,52.6966,53.1447,51.2626,52.4335,546700,58.5
2025-09-23,52.6966,52.6966,51.89,52.3439,337200,58.4
2025-09-24,52.4277,53.4135,51.5315,53.4194,794900,59.6
2025-09-25,53.5928,54.489,53.5928,54.2261,1348200,60.5
2025-09-26,54.3097,55.4748,53.772,53.7779,1111200,60
2025-09-29,53.772,53.772,51.2626,52.792,1091400,58.9
2025-09-30,52.5173,52.6966,50.3664,51.1787,982200,57.1
2025-10-01,50.6353,51.9796,50.6353,51.089,413000,57
2025-10-02,51.7107,51.7107,49.7391,50.0135,555900,55.8
2025-10-03,49.6495,49.9183,47.5882,47.5935,1065700,53.1
2025-10-06,47.9467,50.7249,47.9467,49.2964,835100,55
2025-10-07,49.7391,50.008,48.4844,48.4898,416900,54.1
2025-10-08,49.291,49.291,47.1401,47.4142,1587500,52.9
2025-10-09,47.4986,48.0363,46.7816,48.0416,1817400,53.6
2025-10-10,48.3948,49.1118,47.9467,48.3105,1088100,53.9
2025-10-13,47.6778,49.1118,47.6778,48.3105,1123800,53.9
2025-10-14,49.0221,49.6495,48.0363,48.0416,2099700,53.6
2025-10-15,48.0363,48.9325,46.6024,46.6075,2687800,52
2025-10-16,46.692,47.4986,46.4232,47.235,1311100,52.7
2025-10-17,46.8713,47.2297,44.7204,44.8149,3050900,50
2025-10-20,44.9892,45.1685,41.6733,41.6779,2781000,46.5
2025-10-21,41.1804,41.6285,39.8809,40.4231,1952300,45.1
2025-10-22,41.0012,41.6285,39.8809,41.6331,1027600,46.45
2025-10-23,42.0766,42.1214,41.1804,41.1849,473100,45.95
2025-10-24,41.2252,42.0318,40.5082,41.6779,681400,46.5
2025-10-27,42.7039,43.2417,41.7181,41.902,1071200,46.75
2025-10-28,42.0318,42.3903,41.046,42.3949,780900,47.3
2025-10-29,42.7487,43.5553,42.3455,43.112,1254300,48.1
2025-10-30,43.2865,43.6449,42.1662,42.4398,1222600,47.35
2025-10-31,42.5695,42.8384,42.1662,42.3053,493300,47.2
2025-11-03,42.3006,43.2865,41.8974,41.902,1178400,46.75
2025-11-04,41.8974,42.9728,40.329,42.9775,1158500,47.95
2025-11-05,42.6143,42.6143,41.8525,42.0364,734700,46.9
2025-11-06,42.7535,44.2772,42.5743,43.0224,1629700,48
2025-11-07,43.1072,43.1072,41.5837,41.7675,1285000,46.6
2025-11-10,41.7629,41.8525,41.0908,41.7675,849800,46.6
2025-11-11,42.327,42.327,40.5399,40.8734,887500,43.45
2025-11-12,41.3908,42.0493,40.8264,42.0493,875600,44.7
2025-11-13,41.8567,44.5374,41.8567,43.8366,2512800,46.6
2025-11-14,43.8366,44.307,43.037,43.7896,1154000,46.55
2025-11-17,43.8366,44.401,43.7426,44.2129,1108600,47
2025-11-18,44.354,44.401,43.5544,44.0248,936700,46.8
2025-11-19,44.2129,44.2129,42.8959,43.1311,1204300,45.85
2025-11-20,43.3663,43.3663,42.2374,42.7078,626400,45.4
2025-11-21,42.7032,43.0795,42.0919,42.3785,698800,45.05
2025-11-24,42.7973,42.8443,42.2329,42.5196,344500,45.2
2025-11-25,42.7078,43.2722,39.5564,40.9205,1445800,43.5
2025-11-26,41.8567,43.1735,41.3864,43.037,885800,45.75
2025-11-27,43.3663,43.4603,42.1434,42.1434,767200,44.8
2025-11-28,42.1434,42.5196,41.1556,41.3908,606400,44
2025-12-01,41.5789,41.5789,41.1556,41.2027,453100,43.8
2025-12-02,41.2923,41.2923,40.0696,40.7323,644700,43.3
2025-12-03,41.3864,41.6216,40.822,41.5319,572500,44.15
2025-12-04,41.8567,41.9978,41.5275,41.673,499700,44.3
2025-12-05,41.9552,42.3315,41.4849,41.4849,559900,44.1
2025-12-08,41.72,41.8612,40.4501,40.6853,877100,43.25
2025-12-09,40.2577,40.775,39.4582,40.2149,1317500,42.75
2025-12-10,40.4501,40.6382,39.8386,40.0268,343900,42.55
2025-12-11,39.9755,40.5869,39.5993,39.6975,385700,42.2
2025-12-12,39.6933,39.9285,36.9186,38.1924,976600,40.6
2025-12-15,38.2395,38.8039,37.628,37.7221,498700,40.1
2025-12-16,38.5646,39.176,37.624,39.1331,510000,41.6
2025-12-17,39.223,39.4582,38.7057,38.8979,394400,41.35
2025-12-18,38.8938,38.8938,38.5646,38.7098,131600,41.15
2025-12-19,39.129,39.129,38.0943,38.0983,398200,40.5
2025-12-22,38.7098,39.3213,38.3335,39.0861,485700,41.55
2025-12-23,39.0819,39.7874,38.6587,38.992,794100,41.45
2025-12-24,38.9879,39.5052,38.5646,38.7568,538700,41.2
2025-12-25,39.176,39.5993,38.7057,38.7098,949500,41.15
2025-12-26,38.7098,38.7568,37.7691,38.4276,720200,40.85
2025-12-29,38.5176,38.8468,38.2824,38.8509,403300,41.3
2025-12-30,38.8938,39.223,38.4705,38.8509,555300,41.3
2025-12-31,39.0391,40.0738,39.0391,39.3683,991900,41.85
2026-01-05,39.4111,39.5993,38.1884,39.039,725800,41.5
2026-01-06,38.7098,40.1209,38.5687,39.5094,972500,42
2026-01-07,39.5094,41.8612,39.4153,41.3908,1609400,44
2026-01-08,41.7671,41.9552,40.4501,40.9205,1639300,43.5
2026-01-09,41.1086,43.4603,40.7793,42.1434,2142400,44.8
2026-01-12,43.1735,43.879,42.6562,42.8959,1631500,45.6
2026-01-13,43.3192,44.9655,42.4256,43.7426,2071600,46.5
2026-01-14,44.2082,46.6067,43.7379,45.718,2880900,48.6
2026-01-15,46.3716,46.8419,45.1488,46.0002,1974800,48.9
2026-01-16,46.0002,46.2824,44.7773,45.1536,1536400,48
2026-01-19,45.3888,47.5054,45.3888,46.988,2020300,49.95
2026-01-20,47.2181,47.2181,45.8543,45.8591,1048300,48.75
2026-01-21,45.3369,45.9953,44.3963,44.401,1423700,47.2
2026-01-22,44.401,45.4358,44.401,44.8714,1001400,47.7
2026-01-23,44.9607,46.3716,44.0201,45.4358,1090300,48.3
2026-01-26,45.624,46.0002,42.2845,43.3663,1620700,46.1
2026-01-27,42.3315,43.2252,42.2845,42.3315,1013200,45
2026-01-28,43.2722,44.0248,42.8019,43.3663,605600,46.1
2026-01-29,43.3617,44.1141,43.2676,44.1188,724800,46.9
2026-01-30,44.2599,47.1291,44.2599,47.1291,4140800,50.1
2026-02-02,48.9164,49.3868,47.9757,49.3868,2589000,52.5
2026-02-03,49.669,52.7733,49.2927,52.7733,4575100,56.1
2026-02-04,53.1439,55.1192,52.6736,54.4665,2883800,57.9
2026-02-05,53.238,54.6489,52.7677,53.5258,2469200,56.9
2026-02-06,52.2089,53.1496,49.8571,49.8571,3573500,53
2026-02-09,49.8571,49.8571,47.035,47.035,1930600,50
2026-02-10,47.9706,48.1587,43.9731,45.3417,3193600,48.2
2026-02-11,45.1488,46.3246,44.7726,45.3417,1628300,48.2
2026-02-12,46.0894,46.3716,45.431,45.4828,858300,48.35
2026-02-13,45.478,47.7825,45.431,47.3172,1494900,50.3
2026-02-23,48.4461,49.2927,47.7876,48.7283,1476700,51.8
2026-02-24,48.7231,48.7231,47.7825,47.8816,1705300,50.9
2026-02-25,48.0647,50.6043,48.0647,49.1986,2097500,52.3
2026-02-26,49.2927,49.2927,47.9757,48.6342,984800,51.7
2026-02-27,48.629,49.5696,47.8765,48.1638,1288000,51.2
2026-03-02,45.2477,50.7978,45.2477,48.9164,3049300,52
2026-03-03,48.5401,49.2927,46.4706,46.8939,1437100,49.85
2026-03-04,45.431,46.8889,43.7379,44.2599,2323900,47.05
2026-03-05,45.1488,46.0424,44.4904,44.4951,985400,47.3
2026-03-06,44.5421,44.6833,43.2722,43.2722,1136300,46
2026-03-09,40.262,40.4501,40.262,40.262,670400,42.8
2026-03-10,40.2577,41.8097,40.2577,40.7323,1644600,43.3
2026-03-11,40.9161,43.2206,40.822,43.1781,706000,45.9
2026-03-12,43.2722,43.9307,42.3785,43.0841,863000,45.8
2026-03-13,42.0023,43.6485,41.4849,42.99,707600,45.7
2026-03-16,42.4211,43.5968,42.4211,43.1781,465300,45.9
2026-03-17,43.2722,44.401,43.2722,43.8837,371000,46.65
2026-03-18,43.9307,44.5421,40.8264,43.7896,579800,46.55
2026-03-19,42.7973,43.832,42.374,43.1781,767800,45.9
2026-03-20,43.0841,43.8366,41.3908,41.3908,1204900,44
2026-03-23,41.3864,42.327,39.5052,39.5564,1194000,42.05
2026-03-24,40.822,41.1983,40.2577,40.4971,1101800,43.05
2026-03-25,41.2967,43.0841,41.2967,42.8019,924800,45.5
2026-03-26,42.4726,43.0841,42.0493,42.0493,711600,44.7
2026-03-27,42.0448,43.2676,41.9978,42.8959,919200,45.6
2026-03-30,41.9082,42.5196,41.3438,42.1434,969200,44.8
2026-03-31,42.5151,44.1141,42.327,44.1188,1290300,46.9
2026-04-01,44.2129,44.5421,43.4603,43.9307,842600,46.7
2026-04-02,43.5028,43.5028,42.5151,42.7548,610300,45.45
2026-04-03,42.8959,43.6955,42.1904,42.1904,526400,44.85
2026-04-06,42.1859,42.28,41.1983,41.2967,664900,43.9
2026-04-07,41.4378,41.9552,40.7793,41.8612,407100,44.5
2026-04-08,42.8443,43.7849,42.0448,43.1781,1568000,45.9
2026-04-09,43.1781,44.1188,42.3785,43.2722,1258200,46
2026-04-10,43.8366,44.354,43.3663,43.7426,1119000,46.5
2026-04-13,43.6438,44.5374,43.0795,44.401,1256600,47.2
2026-04-14,45.1488,45.1488,44.0671,44.354,985200,47.15
2026-04-15,44.3493,45.1488,43.4557,43.4603,1102200,46.2
2026-04-16,43.5028,44.3963,43.2676,43.4603,670100,46.2
2026-04-17,43.5544,44.401,43.2722,43.2722,662300,46
2026-04-20,43.2722,43.9307,43.0841,43.5074,409900,46.25
2026-04-21,43.5498,43.879,40.4928,41.673,1352000,44.3
2026-04-22,41.7626,42.2329,41.4334,41.72,426300,44.35
2026-04-23,41.673,41.9552,40.5912,41.2497,1077800,43.85
2026-04-24,40.9205,41.673,40.8264,41.2497,316300,43.85
2026-04-28,41.2027,41.673,40.4501,40.4501,335900,43
2026-04-29,40.2577,40.4458,39.6933,40.0738,771400,42.6
2026-05-04,40.262,41.2027,40.262,40.4501,636300,43
2026-05-05,40.262,40.9205,40.2149,40.4031,236700,42.95
2026-05-06,40.4031,41.4378,40.262,40.9205,643600,43.5
2026-05-07,41.2027,42.99,41.1556,41.2497,1231700,43.85
2026-05-08,41.3864,42.327,41.0102,41.673,879800,44.3
2026-05-11,41.8612,42.8959,41.8612,42.4256,1486200,45.1
2026-05-12,42.4211,42.4211,41.2923,41.5789,942700,44.2
2026-05-13,41.8567,41.8567,40.4458,40.8734,1301000,43.45
2026-05-14,40.9205,41.5789,40.7793,41.3908,824900,44
2026-05-15,41.3864,42.1389,41.1983,41.2967,934000,43.9
2026-05-18,41.2497,41.3438,40.6382,41.2027,678600,43.8
2026-05-19,41.1556,41.8612,41.1556,41.4849,741800,44.1
2026-05-20,41.4849,41.5789,39.7446,41.1086,687300,43.7
2026-05-21,41.1513,41.3864,40.5399,41.0145,349500,43.6
2026-05-22,41.1556,41.1556,40.1209,40.4501,763900,43
2026-05-25,40.4928,41.1513,40.3047,40.5912,283900,43.15
2026-05-26,40.5869,40.8691,40.4458,40.7323,247900,43.3
2026-05-27,40.822,41.1983,40.5399,40.7323,370200,43.3
2026-05-28,40.775,40.822,40.2107,40.2149,753900,42.75
2026-05-29,40.2107,40.4458,39.7874,39.7916,521800,42.3
2026-06-01,40.1679,40.9675,40.0738,40.262,300400,42.8
2026-06-02,40.6853,40.6853,39.6035,39.6035,367500,42.1
2026-06-03,39.6505,40.1209,39.3213,39.7446,389200,42.25
2026-06-04,39.5052,40.0696,39.4111,39.6975,289900,42.2
2026-06-05,39.6933,39.9755,39.0349,39.039,477400,41.5
2026-06-08,38.992,38.992,38.4276,38.6628,557500,41.1
2026-06-09,38.4746,38.945,38.4746,38.6628,182500,41.1
2026-06-10,38.6587,38.9879,38.6116,38.992,244600,41.45
2026-06-11,38.8509,39.8386,38.6157,39.6035,324900,42.1
2026-06-12,39.7404,39.8814,39.129,39.4153,241500,41.9
2026-06-15,39.8386,40.4501,39.7916,40.4501,595800,43
2026-06-16,40.0738,41.0145,40.0738,40.8264,290500,43.4
2026-06-17,40.4031,41.673,40.4031,41.3438,825100,43.95
2026-06-18,41.3908,41.4849,40.4501,41.2027,351300,43.8
2026-06-19,41.1983,41.1983,40.4458,40.7323,195200,43.3
2026-06-22,40.728,40.8691,40.1636,40.5912,383800,43.15
2026-06-23,40.5442,40.6382,39.7916,40.4031,241800,42.95
2026-06-24,40.309,40.309,39.3683,39.8857,353200,42.4
2026-06-25,39.8386,39.8857,39.4153,39.5094,149200,42
2026-06-26,39.5094,39.9798,39.1331,39.8857,244700,42.4
2026-06-29,39.8857,40.4031,39.7916,40.4031,276300,42.95
2026-06-30,40.4031,42.3315,40.4031,42.3315,684800,45
2026-07-01,42.1389,42.1389,41.2923,41.2967,445800,43.9
2026-07-02,41.2497,41.72,40.7323,40.9205,269900,43.5
2026-07-03,40.9631,41.1983,40.3517,40.8734,265000,43.45
2026-07-06,40.8691,40.8691,38.0473,40.0738,461800,42.6
2026-07-07,40.0738,40.4501,39.6505,40.4501,295000,43
2026-07-08,40.4501,40.4501,40.0738,40.4501,158600,43
2026-07-09,39.1802,40.262,39.1802,40.262,154500,42.8
2026-07-10,39.7916,39.9798,39.1331,39.5094,267500,42
2026-07-13,39.0861,39.5094,38.1454,39.3213,312500,41.8
2026-07-14,39.2701,39.7874,38.6116,39.7916,236900,42.3
2026-07-15,39.4582,39.8344,39.0349,39.039,246300,41.5
2026-07-16,38.2865,39.4624,38.2865,39.3213,348100,41.8
2026-07-17,39.0349,39.223,38.7527,38.8979,203500,41.35
2026-07-20,38.8039,38.8979,36.6873,36.6873,689700,39
2026-07-21,36.311,37.0165,35.7466,36.6873,380500,39
2026-07-22,36.6873,36.9225,35.7466,36.264,538600,38.55
2026-07-23,35.7466,36.7814,34.1474,36.7814,723800,39.1
2026-07-24,36.311,36.5932,35.2763,35.2763,333900,37.5
2026-07-27,35.6525,35.7466,34.8059,34.9,421900,37.1
2026-07-28,34,35.75,34,35.75,496300,35.75
2026-07-29,35.75,36.5,35.5,36.5,387700,36.5
2026-07-30,36.6,37.75,36.45,37.75,333800,37.75
2026-07-31,37.9,37.9,37.3,37.85,380800,37.85
2026-08-03,37.85,38.6,37.85,38.3,401000,38.3
